dt2IC,dt2CIdbz,date_first,feature1,feature2,feature3,clus,keep
0,1,20230803220000,0.9166284661575292,-0.6989504394636011,-0.4385857106846765,,0
1,0,20230701110000,-0.1597466403652161,1.2522129097598176,0.3550315981708375,,0
0,0,20230714050000,-1.1866971176879335,0.6546541629080077,-0.954039135544358,,0
0,0,20230725150000,1.530732392537995,0.1846527759046007,0.1102591174889092,,0
0,0,20230709230000,-0.0968858296150746,0.281735063829374,0.1285539233900653,,0
1,0,20230715020000,-1.4095113174731944,1.5683392760301245,-0.3737816051910287,,0
0,1,20230802070000,-0.466814945789782,-0.1701796665065516,-0.8352857055907584,,0
0,0,20230811060000,-0.4273246825681713,-1.3140673085340395,0.0702485782147936,,0
0,1,20230728120000,0.461696918124212,1.0871951843953045,-0.0549811433008982,,0
1,1,20230704080000,2.347047483372731,0.1818390372050607,-0.4658220789196091,2.0,1
0,0,20230731060000,0.5224186132825649,0.953671678165781,-1.03381447018075,,0
0,0,20230721040000,0.2068438519965253,-0.0447648073865076,0.0124770493354674,,0
0,1,20230716130000,2.455776199562555,-0.8386895237038932,-0.4633223648366058,,0
0,0,20230810150000,0.9788935399127254,0.4028217210829767,-1.034657620436933,,0
1,0,20230730130000,0.2542492041349285,0.0101750707414304,0.0435298107581112,,0
0,1,20230709070000,-0.479411858818095,0.1849422828744092,1.608305472055386,,0
1,1,20230723080000,0.3162000762045608,1.6165704941174162,-0.3668276659070778,0.0,1
1,0,20230720090000,-0.0663904040931365,-1.0987024773847005,1.4977765412420228,,0
1,1,20230704160000,0.0914341275589963,0.2859186604759825,2.1143317147300955,3.0,1
0,0,20230712030000,1.3144024247694728,-0.8189966901586768,-0.9534189023776752,,0
1,0,20230728060000,-0.5403221831374881,-2.590545973120058,0.0090442081989644,,0
0,0,20230724180000,0.5135407081635137,-0.0489651890222238,2.1037319178163094,,0
1,1,20230808090000,0.948939989837594,0.031022936999807,-0.121079961409044,2.0,1
1,1,20230721080000,-0.6621125168244095,0.6235221029507587,0.0368121457653999,0.0,1
1,1,20230806120000,-0.822621415489101,-0.2175407485839436,-1.6700054743748918,1.0,1
1,1,20230723090000,-0.1503419225809035,-1.489000355123972,-0.5316619003196678,1.0,1
1,1,20230702220000,-0.4616295902564609,-0.8224315772548629,0.5555886846689371,3.0,1
1,0,20230712230000,1.152332608741504,1.3169588366867038,2.42928264295125,,0
1,0,20230802090000,-1.001768278564655,-0.8366279292906311,-0.1960068334716904,,0
1,0,20230701150000,0.06847136852867,1.5832255296925064,-1.6626263222513549,,0
0,0,20230730140000,2.546048333404475,1.0499842925713831,-1.405249190773309,,0
0,1,20230717160000,0.4130565337861825,-0.3177806043360696,-0.0357896859382967,,0
1,0,20230808060000,0.5792901443048852,-0.7290791631026989,1.177206798052249,,0
1,1,20230803010000,1.1606824956971251,1.0479129691305784,0.6373536828753954,0.0,1
1,0,20230810200000,-0.4629490654253594,-0.2409112450936198,0.4602558635101262,,0
0,1,20230704130000,-1.081419628745404,-1.5456501396999585,1.3091443869175965,,0
1,1,20230711090000,0.1765112761627447,0.5623166206232582,-0.7202290875189514,1.0,1
0,0,20230717060000,0.2654038283485373,0.4172634478581861,0.0190947199575653,,0
0,0,20230802130000,-1.6182107947131612,1.137706202714778,-0.5203821202023954,,0
0,0,20230714220000,0.3750719146827777,0.3495949993602971,-0.2714557354520736,,0
0,0,20230727040000,1.069850498701039,-0.5491469770457174,-1.006269354325485,,0
0,1,20230722140000,-0.9129480730240092,1.269678839602134,-0.3439760714337959,,0
1,0,20230706160000,0.4355558483748133,1.3669904326788431,-0.027715566245399,,0
1,0,20230806180000,0.8922636603701339,0.2332059639852074,-0.3714714998615503,,0
1,1,20230729150000,0.5866782085300805,0.0603219145329722,-0.1610615030138018,2.0,1
1,0,20230804230000,0.6810062387415571,-1.323271023105105,0.4050405434371863,,0
1,0,20230721170000,-0.2448002418063011,-0.6075263423464762,1.2386957690643992,,0
0,0,20230804100000,-1.127504337740596,0.7607696419593537,1.311155868112598,,0
1,0,20230731060000,-0.447146462383913,-0.5572803003627007,0.7614217673969923,,0
1,0,20230720200000,-0.5860571018706248,-1.4568378693933226,-1.259981478438316,,0
0,1,20230725170000,-0.0802590462075458,3.495877789600099,-0.3604099855698536,,0
1,0,20230710060000,1.09327090545993,-1.4634059584266883,-0.2742850307126014,,0
0,0,20230811050000,-1.3118401281641687,2.256751396434117,-0.6571498307885644,,0
1,0,20230716110000,0.1442500228173908,-0.3074234445982599,0.3423511790296067,,0
0,0,20230808220000,-1.0634016455178528,-0.0845629991438081,-1.594328493281458,,0
1,0,20230811100000,-0.7400469178227713,-0.6722782721875988,1.6935664695282917,,0
1,1,20230717170000,0.5587407526118416,0.7828371647378921,1.1952206715217146,0.0,1
0,0,20230719100000,-1.1899450533656992,-1.4397742131100844,0.4782022619017577,,0
0,1,20230721090000,0.7342442897029785,-1.840329036234172,-0.0621093299201846,,0
0,1,20230726140000,-1.352164446624725,1.6101715293786063,1.2288392950725533,,0
0,0,20230712080000,0.66698040343816,-0.8039723988069778,0.6894049367802672,,0
0,0,20230722210000,-1.549531269578512,0.7460881195396843,1.1066377842180926,,0
0,0,20230707140000,-0.6178126792566155,-1.085456076896216,-0.0590520822598401,,0
0,0,20230707070000,1.896494383129561,0.7084210428945821,1.7893130858641673,,0
0,1,20230811100000,1.7085463697668863,1.68354649877845,1.1668878756898562,,0
1,0,20230726190000,-0.4125246525171453,-0.5271213854151164,0.5095362954359314,,0
1,0,20230708190000,0.3899605860299014,-1.9334411067859807,1.2559729204311547,,0
0,0,20230803200000,1.204068018884884,1.688793913309905,-0.4191619418339721,,0
1,0,20230705010000,0.6812961744204711,0.9262443215248912,-1.1675003593470266,,0
1,0,20230706100000,-0.2734642464548241,-0.4735712337713081,0.3215505130474756,,0
1,0,20230803120000,-0.7486353140363331,-0.217952053268646,-0.0570904458134688,,0
1,1,20230708020000,0.8681031429579297,-1.110652196249686,-0.1977173422776291,2.0,1
0,1,20230808230000,1.1307033086145013,1.42025693244196,1.2163120393494031,,0
1,0,20230811010000,1.715701834394388,-0.5347156078106451,0.1671392132106304,,0
0,0,20230708140000,-1.687249423453071,-1.4187085375474735,0.2635690735354843,,0
1,0,20230810220000,-1.2531247882010523,0.2136458815124714,-0.3270525587540961,,0
1,1,20230716030000,1.161923602147081,-0.8600133615785398,0.8811231392795259,3.0,1
1,0,20230702140000,-1.5515305467501768,-1.030014575863108,0.7018757813079195,,0
0,1,20230722220000,1.2385499549119328,-0.4300992037619455,0.8736596768942935,,0
1,0,20230806230000,-0.2149325059853921,0.0863553155003707,-0.4972639666361785,,0
0,0,20230721160000,-0.5209138193366847,-1.381109755914747,1.3040884600469949,,0
1,0,20230722110000,0.2054285962714692,1.3851489252123237,1.838768423766373,,0
0,0,20230715120000,-1.3453684522354987,0.6771597120657875,0.8420383973247058,,0
1,1,20230810210000,0.8240148305983517,-0.3653629907727311,-0.8092882872442909,,0
0,1,20230808080000,1.6896369976946968,-0.903343486296998,-0.8022022842362012,,0
0,0,20230717120000,0.8705762158142415,-0.0892254529166642,-0.3753769555930878,,0
1,0,20230731010000,-0.2465086925541408,0.8994350407557219,-0.5643772140185209,,0
0,1,20230707160000,-1.538035707765441,0.7445840271996791,-0.0710926256872646,,0
1,1,20230701150000,-1.499587456202933,1.058504300451178,0.6324424663678476,4.0,1
1,1,20230721120000,-1.3296433022393075,-0.4803774909803219,0.2899524407498485,4.0,1
1,1,20230718170000,-0.0122782771123173,-2.924925179196677,0.2022890563862888,3.0,1
1,0,20230705110000,0.1134000632726046,1.247811197916247,-0.2412027498001456,,0
1,1,20230807050000,0.8684435107409955,-0.1671961430723519,-0.0738459271645492,2.0,1
1,0,20230719170000,-1.7960289864830756,0.666166065471662,0.7965755075290015,,0
1,1,20230713220000,1.3112102303923998,1.669228754640302,-2.011958027499815,2.0,1
1,1,20230731180000,0.6944063189453711,2.4344086332376818,-0.0113904084787315,0.0,1
1,1,20230708010000,-0.3268362930621348,-0.6498214781408206,0.287987594927325,3.0,1
1,1,20230723170000,-1.1897615417321,0.1339599071656446,0.7835830685472929,4.0,1
1,1,20230718050000,1.2491406416911188,1.3668364606054455,-1.0100459392838244,2.0,1
0,0,20230711100000,-0.300093961237384,-0.8442790185229957,-1.0629096824531188,,0
0,0,20230801140000,-0.0200188993444287,-0.5821115937904281,0.5839549948781336,,0
1,1,20230802120000,0.3836119707879321,-0.588038578458875,-1.904452240256916,1.0,1
1,1,20230706200000,-0.9131989057816112,-0.0280903134080222,1.3321891107607855,0.0,1
1,0,20230712090000,-0.2821805790252489,-0.22012368028997,0.2265919914928104,,0
1,1,20230718070000,0.86531690202038,-0.5937953222563245,1.558721212843437,3.0,1
1,1,20230726070000,0.764096078496275,-0.9657574156062594,-1.087072376569513,2.0,1
1,0,20230731180000,0.7731072066952375,0.8119403283952916,-0.4363594687182404,,0
1,1,20230807020000,-1.1551797511404318,1.337831020966117,-2.4078683269268857,1.0,1
1,1,20230702140000,-0.2365803507291409,1.4827147941724148,-0.7956897629952762,0.0,0
0,0,20230803210000,-0.3963938350478049,-0.4810735573844842,-0.1838468807218792,,0
1,0,20230702040000,0.4251788422747017,0.8537246722572774,-1.9627075800084368,,0
0,0,20230809210000,0.3356579896488977,0.2363259027277754,-0.3946268121983994,,0
1,1,20230720200000,0.1554273307429365,-0.5706713486133254,-1.9873401768602443,1.0,1
1,0,20230714050000,2.465733955419929,0.734218218708196,-0.2574601849114253,,0
0,0,20230711040000,-0.2908060801440377,-0.6166050540454969,1.1471119271082366,,0
1,0,20230801030000,-0.4078230860685443,-0.3761766027816884,-0.0349797501141226,,0
0,0,20230730000000,-1.156749670336056,-1.3767297025036298,1.658207372611803,,0
1,0,20230712070000,-1.5378473259288703,-0.4642210974332259,0.7862925633946097,,0
1,0,20230719070000,-1.2203173772157754,0.2538612090145848,1.3481478486069711,,0
0,1,20230801030000,-0.7186819254432798,1.5689344956774955,-0.7649452408782836,,0
1,1,20230710220000,1.3100730944378527,-0.3534954462016866,-0.7891416283926023,2.0,1
0,0,20230716160000,0.0391639043618587,-1.038169147086934,0.3456134163853686,,0
1,0,20230712010000,0.1933306669527333,1.497368970934125,-1.577702091632859,,0
0,0,20230808130000,-0.0962733082020966,-0.5045524370842177,0.4711437497620903,,0
0,1,20230808080000,0.3653009930217886,-1.748381656140865,-0.3239198165469296,,0
1,1,20230715220000,1.4020721472178432,0.133093735136784,1.329996837546657,0.0,0
1,1,20230715030000,-1.993930836268036,-0.3247734732791751,0.6795122540794105,4.0,1
0,1,20230717040000,1.2183373155853805,2.300395642685172,1.096706430340127,,0
1,1,20230725000000,-2.515038452535007,0.4753660343472122,-0.7542060813950472,4.0,1
1,1,20230811050000,0.0282027115219276,-0.146342353654836,1.048210268761728,,0
1,1,20230729160000,2.1919073547444152,-0.9244972092556034,1.4447124943642828,0.0,1
0,1,20230701020000,0.680657939531544,0.3301668411929673,-0.0387138233803407,,0
0,1,20230718200000,0.3730589353206365,1.4567099500617942,-0.7393506193664882,,0
0,0,20230706210000,2.0019459668029733,0.3118141834772605,-0.7217872012344094,,0
0,0,20230716150000,-0.7030628980011439,-0.8474296921179458,1.239012992015965,,0
0,0,20230728210000,0.4339674224650475,0.538806211751954,2.684345742423312,,0
0,0,20230714110000,0.5781170974738931,-0.0486068948728155,-0.981645070175222,,0
0,1,20230707010000,-0.5224021342270257,0.4486131033181622,-1.0585200500425602,,0
0,1,20230809210000,-0.4341101794959805,-0.3548073501842204,0.9214141806744788,,0
0,0,20230713040000,-0.5437794332233397,-0.378295274261212,-0.7539135293666445,,0
1,1,20230728160000,0.0873149740085638,-0.4177797974317798,1.0183553842282698,3.0,1
0,0,20230718230000,0.546691605771313,0.9422381514973616,0.4653461735266458,,0
1,1,20230730080000,0.1232302729146622,-0.3682252752410914,-0.0239773024979638,3.0,1
1,0,20230809120000,0.7094618174298554,-0.459730731374227,0.4412715345216878,,0
1,1,20230810140000,-1.9691472859735475,-0.9420659015623664,0.380198369153394,,0
0,1,20230725080000,-0.2182511637428366,0.4540138017167675,-0.1796064977861756,,0
0,0,20230717140000,-1.023419310350646,0.3117018021312185,-1.7563610316384946,,0
0,1,20230804000000,0.3017225126828983,-0.4487682244886309,0.1786507285890348,,0
0,0,20230807000000,0.2869174286723232,-0.7093787075578609,1.5730603660641642,,0
1,0,20230715070000,-0.1156221149574553,1.876173413227712,-1.6087686632045235,,0
0,0,20230810030000,0.5102790105320711,-1.880443055124838,-0.9657850201389448,,0
0,0,20230706190000,0.9978127182640276,0.4931720032017211,0.4268269747660109,,0
0,1,20230708180000,-0.0605205223063085,1.2914035482160082,0.0385918627322805,,0
0,1,20230803120000,-1.051694888099702,-3.3868137614883,0.4111821595842892,,0
0,1,20230703120000,-1.581257570919481,0.7941400600761793,-0.699318207827662,,0
1,0,20230811120000,0.0361101753301282,-0.2202546014960882,1.162458286592306,,0
0,1,20230809020000,0.2418667015135408,0.2560548642832593,0.046900565690211,,0
1,0,20230716190000,-0.969523889519979,-0.32323796452209,0.6969855223430569,,0
0,1,20230730130000,0.7257668231630326,1.075393445646077,0.3202774109710961,,0
1,1,20230803140000,-0.4589568858245734,0.3631193416713573,0.1754949679609924,4.0,1
0,1,20230719070000,-1.6564328651711504,0.1317198895343158,0.6268336570281299,,0
0,0,20230714060000,1.2564363423451892,-0.8988606069585929,0.1864879539669504,,0
1,1,20230713130000,1.1439879192021631,1.8822922338341883,-1.190199028095512,2.0,1
1,1,20230715070000,-2.015599436663098,0.0099310197332709,1.0873568257159645,4.0,1
1,0,20230701100000,-0.5626002816536924,2.289805797460459,0.8181272862481836,,0
0,1,20230703130000,-0.6015836814142763,1.927569385178195,-2.10685039135781,,0
1,0,20230805040000,1.6394886594175029,-1.7783509672653808,-0.6542002848756773,,0
0,1,20230710090000,-0.0992927100416563,-0.6549459608026902,1.042360462492807,,0
0,0,20230707080000,-1.4958781980554177,-1.0369510059749418,-1.826928546477833,,0
1,0,20230730140000,0.8821047822408783,-0.0482060814870624,0.9435668819007444,,0
1,1,20230724110000,-1.230775545766081,0.1871640204861619,-0.1412225356542506,4.0,1
0,0,20230802030000,-0.2603404907217612,0.2299264678934303,1.340282570333991,,0
0,0,20230724180000,-0.7697688778808768,1.0541286760189787,-0.0011467890754636,,0
1,0,20230725070000,-0.56045509827994,1.4935827693088697,-0.7220679929956276,,0
1,0,20230728110000,0.9372580895639392,0.9674877492386388,0.3080856607591405,,0
1,0,20230805200000,1.5213301613321657,-0.5609352142237467,-0.0303854895099862,,0
0,0,20230724220000,-1.2743687463793785,-0.7820238651074395,-0.8108511341406807,,0
0,1,20230713210000,0.6260764255078172,0.0027618358839364,2.2183434830113864,,0
0,0,20230806200000,-0.7327536296899959,0.4261195264046615,-0.9710981815843148,,0
0,0,20230711020000,-0.7016719100240756,-0.1831913457171222,-2.242955375059794,,0
0,1,20230721120000,0.4906362214227146,-1.3454848362522225,1.5816989681214926,,0
0,1,20230716050000,-1.027902765713695,0.6820595085768006,-0.5835634723159264,,0
1,1,20230714170000,0.4706026007750447,-0.3923147687339033,-0.2967732609656955,2.0,1
0,1,20230705100000,0.7301133565097351,-0.4225127344220432,-0.3579060646290342,,0
0,1,20230710090000,-0.4325322616990184,-0.0546126740580927,-0.569651434158326,,0
0,1,20230804080000,1.3270781020136666,-0.2398989170801609,-0.7661924712634459,,0
1,1,20230710010000,-1.272824612061507,-0.3665010555121015,-0.9968173024969644,4.0,1
0,0,20230809000000,1.345406190611672,-1.2801253069331897,0.0647597617045656,,0
0,0,20230801080000,-1.943987429485133,-0.1122474669516588,-0.4019875576756351,,0
1,1,20230722010000,2.699714140419509,0.7029537919068678,0.7303621903339466,0.0,1
0,0,20230711180000,-0.4062022386218326,0.264644005121289,0.4826940516161541,,0
0,0,20230806230000,-1.1623071563876175,0.9481214391006448,-0.9275121935254044,,0
0,0,20230802050000,-0.2326719085199985,-0.7285450223200068,0.1085212760723561,,0
0,1,20230722120000,-1.0464779426244284,-1.2780584791178016,-0.4178383241213533,,0
0,1,20230802040000,0.3869652988545422,-0.2458499789779966,-0.9916604426336656,,0
1,0,20230703050000,1.3676573314701472,-0.614236618548697,0.6894315705151325,,0
1,1,20230702220000,-0.9934562260566776,-0.510334983207748,-0.1213252793083648,4.0,1
1,0,20230731060000,0.5793992391740034,0.2117497180811272,-0.407550020170479,,0
0,0,20230729160000,-1.5327353688957597,-0.5030805391046554,-0.8555672364232793,,0
0,0,20230722160000,1.0329547332286124,-1.2500684892063942,-1.027936761073339,,0
0,0,20230705020000,0.4162363669275954,-0.5589947278819981,1.988768023914546,,0
1,1,20230701190000,1.0761833213303202,0.3400593668608015,0.3341186496299965,0.0,1
0,1,20230807010000,-0.1223469026411053,0.6714806010069174,-1.0911290372028166,,0
0,1,20230801080000,-0.4351565978547518,0.661422784083347,0.2878658983228128,,0
1,0,20230724200000,0.8161174360573329,0.4244730942479096,1.0620161767955376,,0
0,1,20230807020000,-1.3080485215584186,-0.1680934659652443,0.1675176125300423,,0
1,0,20230721090000,-1.7428243317335752,0.4049140989591295,1.3740213421331244,,0
1,1,20230718100000,-0.004961984040038,-0.0423356581982371,-1.5428131420699671,1.0,1
1,0,20230729170000,-0.3895966068587924,0.1130961378202375,-1.991322047380211,,0
0,0,20230805090000,0.553833331781546,-0.9393267378659398,0.2605174218537532,,0
0,0,20230703130000,1.091551424313997,0.0438749637607155,0.2764961433738831,,0
0,1,20230707000000,0.533014079151139,0.3786662342514116,-3.339500178254242,,0
0,1,20230709230000,1.0119033118267453,0.3411273134397087,-0.6235760912020152,,0
0,1,20230701020000,0.3210523333321639,-1.2875190260592986,-1.0086623143834552,,0
0,1,20230707150000,0.4945957483210984,0.0962607764033824,-1.3919462407031564,,0
0,0,20230731180000,-0.1166572098322708,-1.443889577463913,-1.0110417646098109,,0
1,1,20230811130000,0.465045461015182,0.1736766461385262,0.5957878015993596,,0
0,1,20230802120000,0.1666528285635133,-0.701337191602714,-1.0174050212897083,,0
1,0,20230705230000,0.3251767965290638,1.705642942525445,-0.9831221345818416,,0
0,0,20230807040000,-0.1667240330868389,0.11924332929589,-1.618805308857679,,0
0,0,20230704160000,0.8089292004712981,0.8011640198239227,1.268909642515826,,0
0,1,20230714160000,-0.7104525498349515,2.11087263702428,0.4346323654706343,,0
1,0,20230725030000,-0.0183490209041065,-0.817401811088721,-2.492356202902901,,0
1,0,20230807210000,1.3117839002075755,0.4356749109059113,-0.9822400792231863,,0
1,0,20230715200000,-0.9487218229211252,-1.1859110092328462,0.528517884394926,,0
1,1,20230726090000,-2.161845461752631,0.3448970082499192,1.2813925489828368,4.0,1
0,0,20230712020000,0.366457166297972,1.765709266450403,0.8408387593666566,,0
1,1,20230726160000,-0.2569544903534993,-0.6278832144417893,-0.3556829102578855,3.0,1
0,1,20230809150000,1.0108622403718392,-0.8859543132945961,-1.9313768607930384,,0
0,0,20230714100000,-0.1305150798969937,-0.0911742335185631,0.8702489939113104,,0
1,0,20230727100000,-0.6043390715633118,2.0458172880882857,-0.2968968513205043,,0
1,1,20230811030000,-0.0758173958182133,0.771038919953255,0.0688620146150699,,0
1,0,20230723120000,1.0930685866132108,-0.9049146520560104,-0.1774204382084968,,0
1,0,20230728000000,0.5753696271923753,1.455060582481769,-1.355529499576268,,0
1,1,20230709020000,-2.4339022565480346,-1.6550629923331868,0.364250212222989,4.0,1
1,1,20230808080000,0.1857674920867712,2.136559128802725,0.2264590311134467,0.0,1
1,0,20230731170000,0.2357621324014049,0.856450680015159,-0.4257888429147984,,0
1,1,20230714190000,-0.0182499652005193,1.763557440006718,0.4711057998624871,0.0,1
0,0,20230708010000,-0.6108898915685892,-1.6477981083840352,-1.373999547423306,,0
1,0,20230722160000,1.1945318745064444,0.1694418308596864,-0.2690027758831089,,0
1,0,20230720060000,1.2440339481348617,-0.1338889265657157,0.0261274729357888,,0
0,1,20230702150000,-2.203160460825862,-1.006979473446641,-1.7349276321350622,,0
1,0,20230723080000,-0.7979594777414443,-1.2960236202513922,-0.0570966108360534,,0
0,0,20230711200000,-0.14473065128572,0.5070812587595488,0.7336451466812959,,0
0,0,20230717100000,0.94850820371667,0.597731708113624,-0.3032309240428677,,0
1,1,20230809180000,0.0348528763917662,1.2999740467257528,-0.0341149025143444,0.0,1
0,1,20230710090000,-0.6835938001649233,-0.5034210533268308,0.562344039234167,,0
0,1,20230810230000,0.7095335773073748,-0.1416098101558099,-0.3878001088662726,,0
0,1,20230706030000,-0.2113360855509924,-1.3824599249460918,-0.2977973995442889,,0
0,1,20230810140000,-0.1174008591549597,1.540785811994749,-1.1767035145324671,,0
1,0,20230702130000,-0.0271584334040762,0.0695480877572431,-0.0149367773207651,,0
0,1,20230714150000,0.5743084408384841,0.7225885016201056,-0.3348484836047804,,0
1,1,20230711100000,-0.3085496016737873,0.7579053961110119,0.4990897950533225,0.0,1
0,1,20230807120000,0.6869464926472221,1.459107157301978,0.563459954183239,,0
0,0,20230708070000,-0.0730689684070727,-0.8313994672674534,0.7912090390128811,,0
0,1,20230726010000,-1.067016586417876,0.6975866003471783,-0.5082603508951309,,0
0,1,20230808010000,-0.0367763056954481,-0.0250087063090414,-2.176581085624116,,0
1,0,20230719210000,-1.015213403145215,2.1056770663406312,0.7416397464647746,,0
1,1,20230702120000,0.0409867897759418,-0.8343641789960169,0.4311209640974092,3.0,1
0,0,20230714030000,0.8294739292314663,1.1714263477638722,-0.6352916046860899,,0
0,0,20230729150000,-1.0736290060021147,0.3503417792283969,0.5549401995673372,,0
1,0,20230810120000,0.3642734058044387,0.2978560942060212,-1.4485898025162416,,0
0,0,20230803030000,-0.8290374583532079,0.0540207260474897,1.030240212870275,,0
0,0,20230810040000,0.201700559916547,1.3466658228367874,-0.33362455179405,,0
0,1,20230810120000,0.8602042420204842,0.2638517010739347,-0.8289276130048954,,0
1,0,20230725160000,-2.129513074110041,-1.524415338120977,-0.6217015562388877,,0
1,0,20230705170000,-1.1144758268713455,1.219503568712245,-0.2314849860002124,,0
1,1,20230702150000,-0.3689794451099221,1.036201832131722,-0.0120120732994632,0.0,1
0,0,20230713120000,0.3150404891816152,0.5871376842128475,0.0482802803994069,,0
0,1,20230710070000,-0.1663833293583238,-1.1284736297475466,-0.429607443958124,,0
1,1,20230714050000,-0.0458807819809189,-0.9731153602213204,0.200239573461479,3.0,1
1,1,20230715120000,2.0429845253512564,-1.877442885236109,0.0082792743334337,2.0,1
1,0,20230705180000,-1.2124572788492276,0.4603298731798137,-0.6475729955743991,,0
1,0,20230730010000,1.1354850163627703,-1.3495488481743696,-0.798190624421264,,0
0,0,20230714100000,-0.3499781271544168,-1.7187508928621646,0.6083655428948375,,0
1,1,20230724150000,0.5494747924987342,1.2749891193000438,0.5243260359979053,0.0,0
0,0,20230702150000,2.1289465557456,0.768179564462847,0.0571363551612633,,0
1,0,20230806010000,0.688678023685426,-0.333171664830927,0.9241954659902012,,0
0,0,20230702150000,0.3724957097899999,-0.1340465832571954,-1.9613276561676345,,0
1,1,20230805180000,1.5991223351493755,-2.407344206983942,-0.5643946415067032,2.0,1
1,1,20230810120000,1.1247986445931917,0.9167449190592204,-1.1563171123346443,,0
1,0,20230801040000,-0.7993940761614355,-0.6927314644886842,2.256272265137851,,0
1,0,20230713000000,0.2945247424538556,0.3302908631331407,0.7132198203959864,,0
0,0,20230711210000,-1.7174957341407595,-2.488562261791484,-0.0790619836582758,,0
1,0,20230709230000,-0.5401533883742511,0.9775680321615458,0.7849905788461563,,0
0,1,20230707020000,0.3140529675998594,-0.7528447693857241,1.116275663755115,,0
0,1,20230714230000,-0.6021053527812588,-1.3760422637893543,1.105631691524071,,0
0,1,20230707230000,0.2733667459719246,-0.3396016344883671,0.9217034851003532,,0
0,1,20230704190000,-0.0133846156530389,-0.596395217935485,-0.2625403232820616,,0
1,0,20230715160000,0.5364167323950428,1.0742676129098665,-0.5013654194839521,,0
0,0,20230724180000,-0.4241990220281109,-0.4203951223616271,-0.9621891799806852,,0
0,0,20230724180000,-0.9401489144367132,1.3626170266133677,0.5024472667290073,,0
0,1,20230803230000,1.478126826173261,0.330142615789073,-0.1589357353287811,,0
1,0,20230729080000,-0.4956967426899445,0.8943678872123748,-0.4184710305171959,,0
1,1,20230802120000,0.6600105931171182,-0.0021664532278862,-0.4706613617278024,2.0,1
1,1,20230716020000,1.435247026472536,1.2720589823398831,1.4501926306346884,0.0,0
1,0,20230724040000,0.1626699989975319,-1.153623990282676,0.9526804128416712,,0
0,0,20230715080000,-0.8563065694431494,0.113624457494327,1.8303938561281647,,0
0,0,20230729200000,-0.1786099745473444,-0.3964358294314148,0.5290162998921087,,0
1,1,20230708010000,1.017540916606753,1.3966284795073118,0.056954440254898,0.0,1
0,0,20230715190000,0.2062475457378629,1.4990344046594255,-0.0254024507449247,,0
0,1,20230708220000,-1.2051417922042769,0.0004212592371184,-1.020301547261473,,0
0,0,20230728180000,0.5966438335337123,-1.2915111010958051,-1.2614189917514007,,0
1,1,20230718130000,0.7695314690509986,0.4270973167916675,0.5073410218928746,0.0,1
1,1,20230730030000,-0.3553118861179337,-1.6646097350337663,-0.9346787104832548,1.0,1
0,0,20230701060000,0.6102443756047459,1.6261427987831114,0.2114577538672358,,0
1,1,20230706120000,0.2450185954604672,-0.4731700706360385,1.1154666830952116,3.0,1
1,1,20230801020000,-0.1974295386420392,-0.0305701634174951,-0.6654539330308965,1.0,1
1,0,20230724040000,-1.2935357435936636,-0.6809510758067541,2.010481634591578,,0
1,1,20230804090000,1.0779538951057577,-0.9017815867008206,-0.9906951209440994,2.0,1
1,0,20230801160000,0.7592109999198332,0.7372913165470523,0.990194756489846,,0
0,1,20230702060000,0.5838862943753126,-0.1586166770513216,0.4247561811323622,,0
1,0,20230723060000,1.5445260036780937,0.0424825389231752,1.1940952499461512,,0
0,0,20230718170000,0.9451937270135936,-1.0038910792188394,-1.1161976113596896,,0
0,1,20230717090000,0.6865660061515626,0.8560592234970398,2.307020916953611,,0
1,1,20230728230000,-2.213227348026831,0.9577897351368668,-0.1787750837829056,4.0,1
0,1,20230716020000,1.1968949518024157,-0.2089284868795773,0.6766479392992815,,0
0,1,20230719040000,0.0830805142820507,1.2679221333318873,1.444487488946501,,0
0,1,20230728210000,0.3124916802571386,-0.1041241542245225,-0.6046620674952157,,0
1,0,20230723220000,0.3193331896933858,0.7797554962888209,0.8257263629471786,,0
1,1,20230808140000,0.7738327436422795,-1.6229275808300976,-0.7714696452214928,2.0,1
0,0,20230704090000,1.1221750288016852,0.3534308664864123,1.3969615804578392,,0
1,0,20230715190000,0.6342411430592223,-0.2714814676069348,-0.7601807312287338,,0
1,1,20230711170000,0.4752855893198915,0.1555224259549961,0.0385069824957591,2.0,1
1,0,20230730210000,0.2315127392955714,0.1106824056558261,0.30612070101196,,0
1,0,20230725120000,-3.351610516904678,0.125699822176984,0.7842997697226155,,0
0,0,20230811040000,-0.2875910194501882,0.6157007293625533,1.968476308426545,,0
0,0,20230722190000,-0.9415895173506456,-0.5651736316059788,-0.4519689896144894,,0
1,1,20230713060000,1.2107395389390851,0.5690792595356432,1.1387347742736065,0.0,0
1,0,20230810010000,0.6190371982862937,1.2325248831179063,1.970258448634137,,0
0,1,20230710070000,-0.4581369872137342,-1.4101410049803234,0.1657333608649172,,0
0,1,20230722200000,-0.3577171822692442,-0.7805400982293256,-0.5501327501202914,,0
1,0,20230702210000,-0.3939813633024213,-0.7385354255011861,-1.7300337394352916,,0
0,1,20230728180000,-0.4118261543189197,-1.0920457994509594,1.8832757674110625,,0
1,1,20230705160000,-1.4445574435247972,-0.4746977696370589,-0.2444443299243636,4.0,1
1,1,20230710160000,-1.6612794932777677,1.0331185153998403,-1.001358499230551,4.0,1
0,0,20230701160000,0.0290467723817439,1.4475869245124284,-1.3583300842097628,,0
0,1,20230715230000,1.0753141393593546,0.1061749697465021,-1.0032141903900411,,0
1,1,20230710060000,-0.5376896974278628,-0.3242360108482005,0.9197052932271652,3.0,1
1,1,20230806010000,0.3034447509240451,0.8029239690806602,1.0578685276747382,0.0,0
0,0,20230730030000,0.7342609171767251,-2.36396849425218,0.6521218714555364,,0
1,1,20230719150000,-0.9933782055838566,-1.0551784721031583,0.1323378273533645,4.0,1
0,0,20230805150000,-0.019975428719903,-2.3216304066999154,-1.2455205895013357,,0
1,0,20230716040000,-0.666520481273515,-1.065699717355442,-0.7299409459020475,,0
0,0,20230729020000,1.6061194918312938,-0.7670175269020002,-1.1066194106812757,,0
0,0,20230714130000,1.5624595068621143,1.477681877937678,0.5728210055262651,,0
0,0,20230720100000,-0.9923428398748506,-2.7610619661559896,-1.0633124788617043,,0
1,0,20230718050000,0.3858843830843258,-0.4167026002343339,-0.7142461110535925,,0
1,1,20230719220000,1.0675993008124904,0.6195664721781072,-0.183487242998507,2.0,1
0,0,20230725090000,0.84832950037633,0.4107306632690933,-1.669800153096347,,0
1,1,20230710160000,0.0815630349843655,1.4617381335348938,0.0467714308408464,0.0,1
0,1,20230710070000,1.3065574617643476,0.1610514785965885,-0.1071528810355365,,0
0,0,20230811090000,-0.9045146889894328,0.374278180481145,1.1842091459616908,,0
1,1,20230804140000,-0.3030929443946922,-1.8385068318025504,-0.819865545033752,1.0,1
1,1,20230718030000,-0.877642419759575,-0.9882688581768088,-1.2991955183123356,1.0,1
0,1,20230724190000,0.7824934947006217,-1.7827047434480237,-0.3740596495912848,,0
1,1,20230714220000,-0.5826368742994515,0.5726081079140996,-1.098091293436016,1.0,1
1,0,20230710050000,-0.1712491754370856,0.3486904517572458,0.0391545918131245,,0
0,1,20230702120000,0.6176703682657487,0.3135379672835153,-1.859934861826606,,0
0,0,20230811040000,0.698249913777816,-0.8814336084580743,-0.6053454033772814,,0
1,1,20230712130000,-0.9071263462552508,-0.9729497793166654,-0.9283716698222196,1.0,1
0,1,20230709030000,1.0566552837727925,0.2094469322964173,0.5677570770860688,,0
0,0,20230808030000,0.4556896686672513,-0.6693860527711348,-0.8105647096253652,,0
1,1,20230805230000,-1.0817028395804014,-1.0204045638322368,-1.736095758598499,1.0,1
0,1,20230721030000,-1.3277158957566129,-0.5083893712580683,-0.2018200969345484,,0
0,1,20230711010000,-0.0158197102620677,-0.6607420360353083,0.319886140274509,,0
1,0,20230714110000,0.8500939893168088,-0.8667229746284533,-0.2712051932607258,,0
1,1,20230731100000,0.8757158624009802,-1.225767816757602,-0.6113227792191078,2.0,1
0,0,20230708230000,0.3561668772248425,0.4486897683389067,-0.6715621005842627,,0
0,1,20230701160000,0.0486748383268258,1.556049439477057,0.1129480324420339,,0
1,0,20230722190000,0.5117376690790052,-0.0390042006186537,-0.8894487492395482,,0
1,0,20230808050000,-0.8553305143892584,0.2224341369699279,-0.3284829714105337,,0
1,1,20230717160000,1.6869878630253914,0.5363778526017037,0.7504465708873735,0.0,1
1,1,20230807170000,1.6739384181225203,0.3665657571931219,-1.3013230789056454,2.0,1
0,0,20230806210000,0.4288123146206977,-0.8469123283169792,-0.0436670197402721,,0
1,0,20230730080000,0.197300419992852,1.7198462111025852,-1.7889894127970047,,0
1,1,20230701210000,-0.4114209726593703,-0.7573105136779609,0.2279296700099529,3.0,1
0,0,20230720170000,0.5287488457996609,0.6480883646604091,-0.9788092107990612,,0
1,1,20230705230000,-0.6913173710167768,0.5301913073429116,1.019591813030795,0.0,1
0,1,20230709170000,-2.2236120309955307,-1.9584415421346373,-1.476947309645349,,0
1,1,20230713170000,-2.7141073004910865,-0.3588464169129193,0.4420790368010079,4.0,1
1,1,20230712050000,-0.7994983331634866,0.0566284518121702,1.2211310785264933,0.0,1
1,0,20230730070000,0.1563781229182776,0.1331512114242859,-1.0306894014204686,,0
0,1,20230729140000,0.3319717339534827,0.301420515516767,-0.8618849289949396,,0
0,0,20230712200000,-0.4867570085092849,0.7576628729399759,-0.9441956443765976,,0
1,1,20230730190000,0.1418351671429033,-0.007515364270778,-0.4858626884043041,1.0,1
0,0,20230729030000,-0.274228357054531,0.354617568017944,0.5174217991894656,,0
0,1,20230801180000,-0.9993127576501374,-0.044954586772383,-0.5675049338871236,,0
0,0,20230710100000,-0.0537445089691251,-1.0173336567547735,-1.120958225206357,,0
0,0,20230809110000,0.8129571123656494,0.0324014413696739,-2.0187537065832903,,0
0,1,20230716200000,-0.9540617477463222,0.7490898442530696,1.6019475065123965,,0
0,1,20230720030000,-0.953604613019698,1.108788382475365,1.6804956304146477,,0
1,1,20230701060000,-1.0692505939521582,0.5373156575442041,0.5602370394884567,4.0,1
1,1,20230702040000,-1.936518734508116,1.3343503259492993,-0.8103836944249848,4.0,1
0,0,20230807180000,-0.4802023741470187,0.4188647474089805,0.7477021151316466,,0
1,1,20230702080000,0.714086112952531,0.8638798216688371,0.948706917493066,0.0,1
1,0,20230727210000,0.1739160838337627,0.937391149279786,-0.2542481314127337,,0
1,0,20230806140000,-0.1692508840563066,-0.2233505408837356,0.0413685439988904,,0
1,1,20230704060000,0.1290647982401689,0.7260034325676684,1.2317682294894925,0.0,1
0,0,20230808150000,-0.4889814874291581,-0.9406448976409142,-1.6404613570564084,,0
1,0,20230809100000,-1.947886637263472,0.3498123425488637,0.998422823122174,,0
1,0,20230720020000,0.7837187818145658,0.5770258266684529,-0.3091538113565132,,0
0,0,20230724170000,1.071124573784651,1.0510951206993302,-1.1125783020110505,,0
0,1,20230810220000,-0.7281567760677871,0.8207593039813063,-1.0303064732943388,,0
1,1,20230723090000,-0.1508356206065558,1.0641141833347134,-0.8647221345190883,1.0,1
1,1,20230721010000,-0.2369991710601601,-0.099380330126423,-1.210070720101203,1.0,1
1,1,20230718210000,0.3512888094245415,-0.3453931546700472,1.771388974389016,3.0,1
1,0,20230731170000,1.6898934566262898,-0.2748987578856162,0.4912029385010012,,0
1,0,20230712200000,1.1597912452893056,0.2662837304486303,1.0644827536085684,,0
1,1,20230722110000,-0.376914225413896,-1.8087470156422525,0.562368291616678,3.0,1
0,1,20230810160000,0.542463861500237,1.3317569703945535,0.0612276084701732,,0
1,1,20230705020000,1.254356868572713,0.0438733598289749,0.074755323365632,2.0,1
1,0,20230717120000,0.408345164394778,-0.4150015823351192,-0.3975126389098622,,0
0,1,20230721080000,-0.0046994044401724,-2.5297162106054607,-0.3157823764401705,,0
0,1,20230702140000,0.4460000946671858,-0.0368135061782826,-1.4081033738128916,,0
0,1,20230712060000,-0.7032715225634733,-0.1984765150757556,1.0818261510402631,,0
0,0,20230806220000,-0.557281124104081,-0.897046430645255,-1.813233286003045,,0
1,0,20230803040000,-1.0640342352010974,-0.6730468451270122,-1.0586105905291991,,0
1,0,20230707120000,0.3070645165702432,-0.0266366444451634,2.0120341309606107,,0
1,0,20230704020000,-0.1314029060222381,-0.588236459587683,0.1361728830648267,,0
1,0,20230806190000,-0.8231180613480796,0.5718780661783558,0.1777104450301987,,0
1,0,20230803070000,-0.164179411620505,-0.7487835886440163,0.637338547767729,,0
1,0,20230706090000,0.46999826076317,0.1546084295207779,-1.5403374931213956,,0
0,0,20230729140000,1.914712305997992,1.18004536881117,-1.3937933664700233,,0
1,1,20230810130000,1.012067864703858,-0.0365958625625513,-0.4448943465488466,,0
0,1,20230704110000,-2.28414785748234,0.3559771239597455,-0.9033609575476902,,0
0,0,20230701210000,0.2393084668203457,0.2926513874005982,-0.0749559650094006,,0
1,0,20230720020000,1.4293242627128546,0.0079968996172658,0.4855492953021359,,0
0,1,20230723100000,-1.3378734912102326,-0.0670071419435102,1.389163047870596,,0
1,0,20230730100000,0.5515592702124238,-0.5713742214499119,0.8110883397895909,,0
0,0,20230805080000,-0.2366421855310459,0.1510122905578194,-0.9942767116889544,,0
1,0,20230716210000,1.1502905309161608,-0.2832675088394671,-0.3749640779477929,,0
0,1,20230801030000,0.4042571950134522,1.546090168234707,-0.6469451712496146,,0
1,1,20230719070000,-0.8840154545592064,0.8111432591099114,-1.0165608790123497,1.0,1
1,1,20230726030000,-0.2008514782906195,-1.452795895888346,-1.2441751126778324,1.0,1
1,1,20230811040000,-0.1416956760476231,-1.3971579982180775,1.6643123877245405,,0
1,1,20230701200000,-0.1231782148100492,-0.130459869039365,0.0106422432326499,3.0,1
1,0,20230713140000,1.119262944775263,-0.3953054774397463,-0.2242302066047479,,0
0,1,20230810150000,-0.8426199213902301,-0.1831939182219253,0.4842575665943016,,0
0,0,20230806040000,1.0030513096611835,0.6511614606523132,0.5337461037415729,,0
0,0,20230809180000,-0.3022496759215201,0.3157358988773569,1.1188256537064214,,0
1,1,20230704110000,0.2235111063291649,0.3056292304581544,-0.7436616133667655,1.0,1
0,1,20230802050000,0.072377586281034,1.4461946654953937,0.4027222168728204,,0
1,0,20230728100000,-0.0218053380818346,-1.3888915541730793,-0.9111739763508288,,0
1,0,20230809160000,-0.0136028344453223,0.1039388341488991,-0.1901579437387281,,0
0,0,20230719200000,1.457358558271021,-0.579052547947254,0.0567425671620541,,0
0,1,20230717020000,0.8424499249061446,1.435435785839352,0.1544839957190611,,0
1,1,20230722020000,-0.3627156895799299,-2.209351605823344,0.1103211058471906,3.0,1
0,1,20230711160000,1.582787254122091,-2.165481585713001,0.8018309825449195,,0
1,1,20230724170000,0.2746810739928528,0.3046362963480508,-0.596988390975772,1.0,1
1,1,20230807030000,0.3576242593238943,1.126296559324147,0.1816742729034715,0.0,1
1,0,20230808210000,-0.8373190793313915,0.7732543213170501,-0.7589048395204,,0
1,1,20230722220000,-0.49749865840514,-0.8009807933177084,2.920752565885881,3.0,1
1,0,20230707170000,-0.6885035079271756,1.50642172200158,-0.9128643177636298,,0
0,0,20230809200000,0.0860728649936749,-1.2314687485942084,-0.7006526543445547,,0
0,0,20230707180000,0.6387830794482092,1.3074841895433449,0.8826480770131198,,0
1,1,20230804150000,0.3672322994222134,-1.0992282503581436,-0.4294651435011584,2.0,1
1,1,20230803000000,1.5880441560695815,-0.3518241723372218,0.8830461277010293,0.0,0
0,1,20230802230000,-0.8877580052112352,0.6392695378569174,0.1530225937258849,,0
0,0,20230722190000,0.1148690435388821,-1.466207830896165,-0.4031892665537901,,0
1,0,20230802170000,-1.282939329298295,1.4690233975407674,-0.7527553491247774,,0
0,0,20230712060000,-0.921870971603262,-0.3579438314013143,-0.7888365616368728,,0
1,0,20230721110000,1.2645783773384636,0.1372761356782892,-0.392321002512742,,0
0,0,20230709150000,-0.4631648664714657,1.1622007890407522,-0.1743963183447978,,0
1,0,20230723100000,-0.803363796060271,-0.7931253451671499,-0.8318812434238743,,0
0,1,20230725070000,-2.129976875582947,1.0608136862553892,-0.1092324301865447,,0
1,1,20230703110000,-0.8133546477889175,1.6405335708923698,-1.0941152926680076,0.0,0
0,1,20230718210000,-0.2052802741949788,-0.655578997329579,0.755901216596352,,0
0,1,20230811000000,-1.357402959786211,1.3693876725962943,0.9473623994599644,,0
1,0,20230728080000,-0.2627833889824686,-1.760578594241603,-0.7043251902085312,,0
0,0,20230726040000,1.2706310606582234,0.389600394794567,-0.7601730551152204,,0
1,1,20230713200000,-0.7073053403283327,-1.2285985157038086,0.1779168070098723,4.0,1
0,0,20230722150000,-0.9433830493699356,0.9425685485361892,1.2653660930315649,,0
1,1,20230725140000,-1.123901466865093,0.8604560484222035,1.486663664253174,0.0,1
0,1,20230702020000,-1.1417640925158,2.077379995591244,-1.4027427232362673,,0
1,1,20230729130000,0.535577446888429,1.421282982952499,1.006304829651524,0.0,1
0,0,20230724090000,0.0486687368830506,-0.1657711976014549,-0.0615533379351946,,0
1,1,20230709060000,0.956856879275574,-1.0817474872988404,-0.0421897004605349,2.0,1
0,1,20230717020000,2.019837891654255,0.56568707966939,0.5047123656505609,,0
1,1,20230715120000,-1.830391131909148,-0.0607314103854932,-0.4809574704161142,4.0,1
1,0,20230809230000,0.3800787084417732,1.551155044595704,1.0967006321083048,,0
1,0,20230809030000,-1.1186193344335598,-2.1663808434157783,1.423962271769807,,0
0,1,20230729200000,0.7888992980334508,2.188056759288627,1.4612842775352368,,0
1,0,20230723070000,-0.2719120010734362,0.5319906076118036,-1.84391478826528,,0
0,0,20230804110000,0.0273227608641734,-0.8130121217203724,-0.2296572687284297,,0
1,0,20230716170000,-1.283177427929808,0.7339892274185661,-1.9352305848077576,,0
0,0,20230807100000,-0.4264270251131674,1.2974214212897035,-0.765280061943342,,0
1,0,20230808030000,0.0896622511082595,0.1143468913036887,-2.397498871129658,,0
0,0,20230724050000,1.3560781468067082,-1.7649203841448429,0.4502666346394867,,0
0,0,20230722220000,-0.7945605274085543,-0.2938470363471059,0.2193096355801741,,0
1,0,20230707080000,-0.550691571530313,1.039395053042138,-0.4326011065567658,,0
0,0,20230731130000,0.9442896421822814,0.4966647342273746,-0.7911481105503015,,0
0,0,20230709130000,-0.8593402836993107,-0.1565070308353727,0.3140316243536701,,0
1,1,20230719220000,1.1423851439741255,1.3083158308914355,-1.0114220713710964,2.0,1
0,1,20230712080000,-0.0090865747262559,0.7393058408322967,-1.0794621147673265,,0
0,0,20230807050000,0.3031229615918432,0.8163391559383438,-1.202416201934709,,0
0,1,20230710190000,0.3675223025093705,-0.4106346919808012,-0.2038409307386489,,0
1,1,20230805110000,-0.6162205534066079,-0.5073836817460986,-0.5823075695327627,4.0,1
0,0,20230731190000,0.3898868194723952,-1.6999597206830213,-0.3842380184636705,,0
1,0,20230722160000,-0.7723697843143003,-0.2593917559372561,0.5218087400187319,,0
0,0,20230729050000,-0.5021030040988799,0.935392053798128,0.963296604859499,,0
0,1,20230809070000,0.5586909660332754,-0.2040932970155869,1.4504807848958854,,0
0,1,20230809190000,0.293393955641903,0.4455388465290052,0.0601369779682922,,0
1,0,20230804140000,-0.0749649508390477,1.1111993566532803,0.3475891025627698,,0
0,0,20230731050000,-1.2587316492630107,0.3728329917986322,0.1888463571309139,,0
0,0,20230721200000,-1.00915828934963,0.4705147617608019,-1.6741856988139034,,0
1,1,20230705200000,0.2767090439049846,-1.3578224620375543,-0.3696970559710865,2.0,1
0,1,20230717010000,0.732140563485116,-0.3225647841019771,-0.3650982227406636,,0
1,1,20230715070000,-1.1096455045207572,1.726626506496595,-0.5108128257696115,0.0,1
1,1,20230725070000,-0.8398252474521676,0.1037971810960934,-0.040939328618838,4.0,1
0,0,20230717100000,0.1341851741777194,1.8967381819965747,-0.2194805532143286,,0
1,0,20230703150000,0.1127878626290933,-0.7231156306389472,-0.9863267639250576,,0
0,0,20230730200000,-1.6239572087610412,0.2339474521345397,-0.1510259538470531,,0
1,0,20230731000000,0.161563013439989,-0.3826784375518681,-0.6390503970850308,,0
1,1,20230703230000,-0.5983678102302188,0.5919846851245532,-2.6192427269168923,1.0,1
0,1,20230802200000,1.641046629728958,0.8950086680601209,-1.3970689203104634,,0
1,0,20230712090000,0.2491985427356561,0.6024660957009005,0.0889143258130787,,0
1,0,20230811050000,0.4214734498759029,1.0418521437480288,1.0918913141541096,,0
1,1,20230714070000,0.4473593021906108,-0.0131729885223268,-2.427203257678265,1.0,1
1,0,20230715010000,-1.2139273806525643,-0.1905283676636776,-0.8703916337536574,,0
1,1,20230716050000,1.943876893108604,-1.7581930072759715,0.4314538339947598,2.0,1
0,0,20230721140000,-1.622911247451173,0.6384509351645649,0.878195463753168,,0
1,0,20230726060000,0.7957031416997422,0.1721840922401572,-0.4201135615760179,,0
0,0,20230707210000,0.6186639374806492,-0.0679147375625331,-0.6827823584210693,,0
1,0,20230723150000,-0.4770023799129599,-0.1908174054543452,1.2197107498901931,,0
0,0,20230701100000,0.6664503167133892,-0.0368795613437901,0.7960927059985686,,0
0,0,20230713120000,-0.3175731988237379,-0.2362361314979171,0.8586183980760154,,0
1,0,20230731080000,-0.6754614448557782,-0.5280338385633047,-0.4680640024907452,,0
1,1,20230803080000,0.4695591693529273,0.2395888807241687,1.1136942376836785,0.0,1
1,1,20230705050000,-1.006560991087902,0.4841591189329527,-1.9450687328637115,1.0,1
0,1,20230718160000,-0.2242551587575697,-0.7705679143861808,1.1312300916590134,,0
1,1,20230717070000,-0.5941767487299575,-0.4007355691873908,-0.0665321534418896,4.0,1
0,1,20230802100000,-0.3359795095729449,-0.2046217512648684,0.1289341912478148,,0
0,0,20230709210000,0.4327285991301843,0.0048133073767848,-0.945252658077477,,0
0,0,20230729180000,-0.5943663723462062,-0.1281854695857671,-1.8140263481081509,,0
1,1,20230704150000,-0.1923239130723645,0.6597211996563939,0.1077041477917307,0.0,1
1,0,20230724000000,-0.5031452519015814,-1.6523670157038093,0.5513945495913973,,0
0,1,20230717160000,1.4439966655745458,-1.475037198340117,0.7026923848187651,,0
0,1,20230725110000,0.3426123982138901,0.1935693992535777,0.5947785958245864,,0
1,0,20230807000000,0.2200696329667193,-0.6026858478277888,0.3681616950534575,,0
0,0,20230702210000,0.683418504623424,0.8842423057738108,-0.92378643619296,,0
1,0,20230728230000,-0.5941345767748866,1.1698009525885504,0.7674760725200329,,0
0,1,20230720060000,0.8592572249998405,0.2337471764229102,-1.0356223474753286,,0
1,0,20230725150000,0.3461777458327414,-1.0719749162741792,1.1070642360651346,,0
0,1,20230713210000,-1.5608909027540654,1.0545935162270592,-0.0839818688061729,,0
1,1,20230704130000,-1.4280308331007647,0.1989026621503274,-0.0507092198654837,4.0,1
0,1,20230704190000,-0.5722970527840657,-1.4869359725271176,0.8659266183051019,,0
1,0,20230728110000,-1.3210064958651702,-1.3985196480651845,1.0014686255341387,,0
1,0,20230729000000,-0.2382784606995831,1.5169467897086448,0.7706386789501385,,0
0,1,20230730170000,-1.013737991415864,1.3511359132612295,-0.8204578495556687,,0
0,0,20230808230000,-0.0977230530709187,-2.517143142096245,0.7626695504385522,,0
1,0,20230808150000,1.4117093759314558,-1.3577908952578768,-0.814789609970448,,0
0,0,20230711010000,-0.049376903556185,1.1408554956216552,0.7879014017276592,,0
1,1,20230806000000,-0.3029644549019287,-0.0184925883930481,-1.4251631960622646,1.0,1
0,1,20230701010000,0.3882426477853441,0.7018492854920929,-0.0936800619383646,,0
1,0,20230710080000,-0.6964197929226035,-0.0619527460980967,-0.8208911395056712,,0
1,1,20230803080000,0.8434143093959997,0.6544924900712037,0.8699356524480258,0.0,1
1,0,20230801000000,0.4952129531241119,0.0058335466654336,1.1151667740890134,,0
1,0,20230810120000,0.0388655620485637,-0.4376082567569663,0.1989965137919326,,0
1,0,20230808130000,0.1543158316335863,1.0587438299148093,0.1661091439378845,,0
1,0,20230808160000,2.041745910562852,0.202054616025646,0.7041771224811357,,0
0,1,20230725120000,0.942312210267868,0.6523887162435664,1.1211148799491175,,0
0,1,20230705190000,2.199526631161334,0.1574479249607666,0.0373111746621615,,0
0,1,20230728170000,0.5320301932924523,-0.4863568935498129,-0.4996753249479805,,0
1,0,20230808050000,-1.4716914426706882,1.6083893113571923,0.647267486440488,,0
1,0,20230705060000,-0.2621737028638408,0.3549682547576656,-1.8587273710936711,,0
1,0,20230709010000,-1.7002048745480662,-0.3550486443721515,0.9096515395588256,,0
1,1,20230707210000,0.5283030346669183,1.278329470318716,-0.710186949441712,0.0,1
0,0,20230806060000,0.7454041973454018,-1.3208237738789572,-0.240227866272449,,0
0,1,20230704170000,-0.8859159959592792,2.2362836507959862,0.9160513231183112,,0
1,1,20230729130000,-0.6556363796468532,-0.1791497576634285,-0.4155095163896909,4.0,1
0,1,20230706010000,0.1487508962352152,-1.2680142073833764,0.6474088785748029,,0
0,1,20230706220000,-1.198104063264218,1.905941348457565,1.1389087540744147,,0
1,1,20230811090000,-1.273159769242533,-0.4631676130727913,0.1100330900475055,,0
0,1,20230705090000,1.2386320480411208,0.2432445698556271,0.3114481558247118,,0
1,0,20230806220000,0.1147106181639683,0.7176907414394635,-0.119435873943719,,0
0,0,20230718190000,-0.5581093577059559,1.1841725276601456,0.1155979970637203,,0
1,1,20230713160000,-1.6921188885572191,0.2997745637215646,-1.116404779950032,4.0,1
1,1,20230806070000,0.8523513568944722,-0.6473154083300372,-0.2937380865580751,2.0,1
1,0,20230810100000,-0.6845182122169692,0.2189925233339924,-1.2882056069825194,,0
1,1,20230714040000,1.8606844458705387,-0.4193155453317213,-0.8987672245273987,2.0,1
0,1,20230810020000,0.8593100976934448,0.2490116763645237,-2.0029490206721627,,0
1,0,20230727100000,-0.808141854407269,1.6281495457568582,0.2639281535048868,,0
1,1,20230807130000,-0.7154716971314717,0.7559251916437938,1.6916021653774134,0.0,1
1,1,20230701080000,1.7218511629443316,0.2066464380983388,-0.4561057351405709,2.0,1
0,1,20230802050000,-0.0842594468345046,0.7384908326063404,0.9651335905723796,,0
1,0,20230704000000,-0.5133112283233697,0.8100806519091857,1.125692816016916,,0
0,0,20230715220000,0.02772168847657,-1.077874102968725,-1.1991372343482705,,0
1,0,20230710060000,-0.5179126500537902,0.0417227112156978,-0.983793917690822,,0
0,1,20230718070000,0.241048477108165,2.562527659332516,0.9907980883522076,,0
0,1,20230724000000,-0.075823621518263,1.2128209850318663,-0.0923413629918523,,0
1,0,20230716090000,0.8755079805115086,-0.5034355591611999,-1.2907888661505926,,0
0,1,20230730190000,-0.3885741032391265,-0.6032078961176216,-0.6368595869286072,,0
1,1,20230711230000,-0.8848163666896469,-0.6365257231756023,0.4196602448120655,4.0,1
1,1,20230804230000,-0.3489846966235856,0.8663199502620572,-0.7939366741048338,1.0,1
1,1,20230729170000,-0.355083898224046,1.6076409211162177,-2.7745368654343943,1.0,1
0,1,20230805190000,-0.0775338151939934,0.5821670444800581,-0.3220131772078364,,0
0,0,20230714050000,0.6345402880572247,0.1571623498688179,-0.2409931938551962,,0
1,1,20230704110000,0.5799089674719204,-0.4441553576327715,0.0092264341443272,2.0,1
1,0,20230714050000,1.199658675858568,0.3293731455835267,1.2588833732895297,,0
0,1,20230705140000,-0.8114896777335243,-0.8201217200962095,0.0535227978990452,,0
1,0,20230711100000,0.3887201230511087,-1.9357655472112385,0.2429373544257071,,0
1,1,20230716220000,0.7273198470207146,1.636825690112449,1.0555369736494191,0.0,1
1,0,20230701060000,-0.6742204063118639,-1.0058126703621093,0.0103440158357619,,0
0,1,20230720020000,-0.207631052982379,-0.3248323736693193,2.136520745290102,,0
0,0,20230704110000,-1.7499778742187968,0.6563574506292909,-1.263708293979002,,0
0,1,20230709150000,0.906857695125735,1.4344668693460538,-0.9341477131078442,,0
1,0,20230807110000,-0.2154982023198693,0.2571306524186212,0.6139584082708136,,0
1,1,20230717050000,0.8065641766809994,-1.1937109876608285,1.2543135329386388,3.0,1
1,0,20230714010000,0.2060495178795131,-0.3013464496915511,-0.2007949968686243,,0
0,0,20230701210000,-0.1851652289748735,-0.6784854050250794,-1.0106211707894055,,0
1,1,20230718010000,-1.5928027993524858,-0.038211027471321,1.760989585225352,4.0,1
1,1,20230807060000,-1.41495261071644,1.2319844712696355,-0.7923688948043105,4.0,1
1,0,20230722100000,-2.5931461843417423,-2.537388596069884,0.3390544511329788,,0
1,1,20230706060000,-0.5626134828286562,-0.4113898300274907,1.3141518113477852,3.0,1
0,0,20230803160000,2.278248703181248,-0.4840496363870183,-0.441605223421021,,0
0,0,20230730030000,-1.2879473895179996,-1.2567613448956396,-0.6221278372567142,,0
1,0,20230806090000,-2.631431883419906,0.5854907437496162,-0.553687742029664,,0
0,1,20230701130000,0.9626689195855316,-1.414975871876048,0.9015512565747644,,0
0,0,20230810100000,2.363717869296701,-1.2998942792963248,1.0601477052026598,,0
1,0,20230810170000,0.2979210652598027,0.8510692140206136,0.0337253917621273,,0
1,1,20230701110000,0.2887323947199601,1.5005713689626683,1.883082253069733,0.0,0
0,1,20230704140000,-0.3098820736437513,-0.0760967686119592,0.0319665592701279,,0
1,1,20230722190000,-1.79425723051006,-1.217396118989266,1.2923332141681654,4.0,1
0,1,20230807200000,-1.4507119177434764,-0.7055540917782499,-0.4320016042509393,,0
1,0,20230723080000,-0.3167533293985182,1.008001947245045,2.3337565337055644,,0
0,0,20230713120000,-0.5084553400297436,0.1164382406633936,1.5701314155797117,,0
1,0,20230711020000,-0.115172927769942,-0.1010387768819228,-0.1279746355285154,,0
0,0,20230706010000,0.8293248239281591,0.3130497099131462,1.4345402087170027,,0
0,1,20230707020000,-0.5818378319170209,-0.0376599435254406,1.3839804911720175,,0
0,0,20230724140000,0.8497167564046113,1.5457122976592172,1.5530410762926483,,0
1,0,20230801050000,-0.57528970990277,-0.749143264693601,-2.4819863357203054,,0
0,1,20230715190000,1.0382395928657568,-0.8639591168352135,0.7193514492908354,,0
0,0,20230729120000,0.0863675670734234,-1.383453518068656,0.5422987693057414,,0
1,0,20230807150000,-0.4358303409215121,-0.5399876357256903,0.4710732809434527,,0
1,0,20230731120000,0.0692940605488896,-1.0919754746661543,0.2183464333978974,,0
0,0,20230727060000,-0.2935388421575667,0.2180755086527237,0.2478112795145264,,0
0,0,20230713200000,0.1131342376799716,0.0209473655251433,1.2831403052980808,,0
1,0,20230729220000,0.7581061985174717,-1.0790755000679764,0.539473373693372,,0
1,1,20230712230000,-0.0872155984156499,0.5891393590279725,0.2169064437323627,0.0,1
1,1,20230713180000,-0.3695688528537811,1.5168128671298735,1.1393810148356187,0.0,1
1,0,20230803190000,-1.1235162049108292,0.3578383486710236,0.4180261784118702,,0
1,0,20230725170000,0.5791780192917145,-2.543498182955473,0.5135684273533802,,0
0,1,20230810050000,0.3482722264027249,1.9871309706701048,1.867037108811228,,0
1,0,20230808010000,-1.181942850927521,0.7469234690710594,-0.4344807125496473,,0
0,0,20230731020000,0.835494277920761,1.9564182531884509,-1.5157103384012427,,0
0,0,20230728130000,-1.1981840326023356,1.090723586149834,0.0723635109907971,,0
0,1,20230723200000,1.0292217912338937,1.290515418870559,0.2145433449569641,,0
1,0,20230715150000,0.6878633271870178,0.2052668936010846,0.7215290294571908,,0
0,1,20230713230000,0.4196655225980695,-0.2622960121898327,0.1073159146619609,,0
0,0,20230806080000,-0.3769951591670362,0.3734811877321605,0.7551192439725588,,0
1,1,20230703100000,0.5757797826664528,-0.7087850802465393,2.5046166802715693,3.0,1
0,1,20230727180000,1.0763719952411803,0.4338808509002322,0.8015143188770092,,0
0,0,20230808110000,0.5923519211081734,-2.6267862573507106,0.9773153010514682,,0
1,1,20230730170000,-0.6702500217262376,0.0429322452144128,-0.1295314077224341,4.0,1
0,0,20230801100000,0.267406982355464,1.3446761201021329,-1.3852570895073022,,0
0,1,20230702100000,1.132034986295036,0.0943085789289657,-2.2981115871297453,,0
0,0,20230719120000,2.199098180556703,1.7274827380309878,-0.5186805821357181,,0
1,0,20230704200000,-0.2052129744991962,-0.2637453878486052,-2.5803716559651195,,0
1,1,20230809130000,0.8578831061314305,1.0026509129878278,0.513549025019274,0.0,0
1,0,20230809220000,1.1344805200843189,-0.878270073673366,-0.3828169844248543,,0
0,0,20230709140000,-0.8124049989897638,0.9619566195553784,-1.3133748664752432,,0
0,1,20230715160000,1.7820783180614812,0.2325949082278164,0.1308741199486255,,0
1,0,20230807140000,-1.0651846840834458,-0.2197504958427288,-0.7386321936418038,,0
0,0,20230714190000,0.8089855150329761,-2.57388211506442,0.4507762536507684,,0
0,1,20230804000000,0.305319779547066,-0.2543767758055499,0.707626329822504,,0
1,1,20230805210000,0.0555755599981599,0.2134530192798104,-0.7018341629884417,1.0,1
1,0,20230731040000,2.546833281448644,0.8287094352199172,-0.237281181090326,,0
0,0,20230707140000,-0.3012552353268011,1.5609497990990675,0.2148957538382202,,0
0,1,20230809170000,-0.3173455927286084,2.035032701365911,-1.407042213542425,,0
0,1,20230809200000,1.3314788073977952,1.2462673431229845,0.2148075228770161,,0
1,0,20230701230000,0.7618037780867832,-0.5620903253041943,-1.4310186480793956,,0
1,1,20230717190000,1.2820989209585545,-0.304804089517739,0.5657169795528693,0.0,1
1,0,20230803120000,0.1168693823411133,0.7389154710436832,-0.4351636626281992,,0
1,0,20230722110000,0.3169426170121629,0.5196144598478016,-1.4365427340442345,,0
0,0,20230731110000,1.9009356129945745,1.6283459593913616,-0.5799735991408242,,0
1,0,20230716030000,-0.8359540795806962,2.4793894187099115,-0.5376745811934424,,0
1,0,20230716210000,-0.1028770440916603,2.2671801950982227,1.0685208833869444,,0
1,1,20230723030000,0.7982540714254448,1.4939381997983447,0.1733046992857941,0.0,1
1,1,20230809190000,-0.1958608200878377,0.5279026489428972,-0.9562774575651328,1.0,1
1,1,20230707070000,-0.5701458792830355,1.3493250629458442,1.6490662872004866,0.0,1
0,1,20230724090000,0.6184845127865221,1.661441013728396,0.6264904015105582,,0
0,0,20230729160000,1.3358056664914943,-0.1473003972550184,-0.3363223685796622,,0
1,0,20230809100000,-0.1408343628058571,-0.5326609725087593,-1.5538341856950224,,0
0,0,20230726070000,-0.168589620810749,-0.7674210000716748,-0.4245935794801935,,0
1,0,20230726160000,-0.6476880256834309,-0.8763847334453033,-0.2205130846576706,,0
1,1,20230718110000,-0.2959768434057342,-1.3819953225931907,0.3690323314502556,3.0,1
0,0,20230711090000,1.0836060798301856,0.2499017091177274,0.6072565096596554,,0
0,0,20230705200000,0.0810628706936569,-0.9997528010881316,0.8065820954107351,,0
1,1,20230806010000,-0.8049906609302881,-0.7835221841353823,-1.6114674308385473,1.0,1
1,1,20230722070000,0.2623623803236626,0.7012555591767271,0.2085048211632423,0.0,1
1,1,20230731190000,1.0511940109860407,0.1816090662535097,-0.1596158252482117,2.0,1
0,1,20230725010000,-0.5618856635474287,0.4296249406336745,2.6779772761698784,,0
1,0,20230714220000,-1.328605219595563,1.3651487618920817,0.0646944390963708,,0
1,0,20230718090000,2.190825159872752,0.8645299085407953,-0.6226531984613715,,0
1,1,20230808190000,-1.3785293500432472,1.518886581452663,0.1103688567169151,4.0,1
0,0,20230802050000,-0.3590225638557857,0.0799764947780706,-0.008568288010766,,0
1,0,20230713060000,0.2321285118586696,1.6117905913123958,-1.9890393071510155,,0
1,0,20230809010000,-0.2724277012442913,0.3597367643574598,0.4083044634178372,,0
0,1,20230801100000,-0.0749108446550187,0.1687062610952029,-0.3105580906785818,,0
1,0,20230716100000,0.5768381678745935,1.461526206276503,-0.0266912151605187,,0
1,1,20230708170000,-2.391721657712793,-0.872153679193295,-0.8735685338905581,4.0,1
0,0,20230711050000,-1.2668944715238513,2.023600567542476,-1.0939142302122355,,0
1,0,20230727120000,0.0442593860703291,-0.2821000200372859,0.8788823340756451,,0
0,0,20230712030000,-0.40421701197361,-1.2181079715493217,1.1084566564428235,,0
0,1,20230727180000,0.1294112582755976,0.6535019520558621,0.4180986054372352,,0
1,0,20230710200000,0.2276532826313042,-0.3773215101182605,-1.8107976005596345,,0
1,1,20230723010000,-2.115919995470992,2.0258070919112505,0.4830633592613236,4.0,1
1,1,20230723230000,1.2736403321516463,-0.4329008187851472,-1.795936551336686,2.0,1
1,1,20230701200000,-0.4982678831003497,0.314448917351962,-0.6611756348282652,1.0,1
0,0,20230807220000,-0.8655131847760066,-1.425593315478103,0.8655584487572417,,0
1,0,20230731160000,0.2083552959592792,0.8129142448974712,0.6575984817044913,,0
0,0,20230806020000,0.1071602277822431,-0.7773900758589046,0.4569673645334697,,0
1,0,20230803010000,1.1966908176546378,0.6933246903326009,1.3129026539197837,,0
1,1,20230722150000,0.2718731627700169,-0.4283452397058618,0.5600151474079267,3.0,1
1,1,20230705030000,1.1581108480243003,-2.0469346867228,-2.0190192250408825,2.0,1
0,1,20230801070000,-0.9381773754277056,0.1311900903438834,-0.3695308462563598,,0
1,0,20230720210000,0.1418610552074991,0.0864285170784352,-0.0416084577310607,,0
1,1,20230725220000,-1.1147477073248893,0.8810715736226133,-0.1587417267693721,4.0,1
1,0,20230713090000,0.0976758555602795,1.556000571839204,-0.6171351751023896,,0
1,1,20230809030000,-0.1142879556018855,1.9124094099167983,-1.0301561334635947,0.0,1
0,0,20230722210000,-0.157297425200903,0.864154213470886,2.4007449694593186,,0
1,0,20230714210000,-0.1485275523616327,0.2786191920659182,-0.3887448252057818,,0
0,1,20230701010000,0.7363894701845974,-1.4273335895154653,2.3516020533744526,,0
0,1,20230716140000,-1.6073596570025797,0.2020209369900072,-1.141290404756054,,0
0,1,20230713040000,-0.8997878627841726,0.2149401699389326,0.6570600687590077,,0
0,1,20230804200000,-0.0405718267451754,-0.198640259656028,0.2296414163898694,,0
0,0,20230808210000,-1.1786630894712498,0.6329676506008086,-0.9219495270650608,,0
0,1,20230724000000,0.046114106201044,1.1219057109821344,-0.4675571098206837,,0
1,1,20230714050000,-0.0508525212410747,-0.8184039305286839,-0.01513006936097,3.0,1
0,1,20230721210000,-1.4037566450525831,-0.8339843541994671,-0.8441166171661257,,0
0,0,20230804110000,-1.4531651462542776,-0.1392920117766291,-0.2561405940354265,,0
0,0,20230716200000,-2.6237882355492657,-0.6152291907079231,-2.364902425390615,,0
1,1,20230726220000,-1.220670049681913,-1.641253202359863,0.7115159902687391,4.0,1
1,0,20230701130000,0.0143232582105998,-0.9965927363229516,1.2271516741227928,,0
0,1,20230721230000,0.1561878229408774,-1.232321147037441,0.4543637074986593,,0
1,0,20230710140000,0.2018995596284508,1.2084505080181531,2.26425812793778,,0
0,0,20230811000000,-0.7779188126673808,1.7028270060092785,0.6820962275998932,,0
0,0,20230704110000,-0.0183034840214894,-1.0954334572945867,1.1428096387775597,,0
1,0,20230706090000,0.3972446092414528,0.5460735131371113,1.238362832510111,,0
0,1,20230731220000,-1.268035549501153,0.8735164244697508,-2.7510133565856347,,0
1,1,20230804210000,0.1233290743905398,-1.4922687866598638,0.4236731987495631,3.0,1
1,1,20230707000000,0.6564812118350916,0.1609789471789995,-1.3829349503167812,2.0,1
0,0,20230807020000,-0.4907721298228808,2.533516165346526,-1.1809034515708057,,0
0,1,20230805160000,1.062234330349603,0.6771468663576308,-1.0069732718019149,,0
1,1,20230702030000,-0.4674343438249699,-0.2453005413325305,-0.3127158000173764,4.0,1
0,1,20230703170000,-0.8600608551230751,-0.560186525218209,0.650459960737697,,0
0,0,20230707180000,0.5568411785529204,-2.0224615847208947,0.4339898250067041,,0
0,0,20230710120000,2.033293769466457,0.470473656116732,-0.0125813828175975,,0
1,0,20230711200000,0.0853536188878091,1.9478167872543155,0.7226834412059608,,0
1,1,20230719160000,0.6349078041137199,-0.8135437543979207,0.7834863215921029,3.0,1
0,1,20230718150000,-0.508717221097844,-1.9355846795170613,0.4426241892333453,,0
1,1,20230720030000,-1.2416162197960277,-0.6642241813532244,-1.724504786074786,1.0,1
1,0,20230809150000,0.1662656459007334,0.8815997459782084,-0.739332789356724,,0
1,0,20230729030000,0.3243999717879111,-0.4285000048220853,0.0263278339426488,,0
1,1,20230713120000,-0.3579110903811622,-0.8204680929130882,0.7334528831410846,3.0,1
1,0,20230808060000,0.6310565180215059,0.019154915057859,-1.3285796577239866,,0
0,0,20230713140000,-0.65408000981432,0.229700747167855,-0.0113451897752803,,0
0,0,20230712220000,-0.902086265851742,-1.3883901407716943,-1.565624456389452,,0
0,0,20230717100000,1.060642930486165,-0.2172836969368236,1.025917985719278,,0
1,1,20230701090000,1.0653476265416306,-0.4972676139223384,0.2423472783647243,0.0,0
1,0,20230730100000,-0.6343431058356785,-0.6409043492480827,-1.3461360359559429,,0
0,0,20230727050000,1.718850490404822,-1.017036669391448,-1.3527285378042933,,0
1,0,20230712050000,-0.2871066925302493,0.9412578547947976,0.3874318715842601,,0
0,0,20230725150000,0.0847828646439587,-0.644386928798028,1.3747989145631654,,0
0,1,20230810090000,-0.0846525418484278,-1.9949452858132848,-1.096785837449347,,0
0,1,20230726040000,0.5237602174456797,0.2642978219754334,0.7866041086160771,,0
1,0,20230802090000,0.2714214938009425,0.7251994726731844,-0.5422377180278297,,0
1,0,20230805030000,0.2579621615816578,-0.7960160652158775,0.8231941026928866,,0
0,0,20230805210000,-1.019561631719886,-0.5596626897839663,0.6831909103653128,,0
0,0,20230716000000,-1.6885623167896844,-0.6490537204283726,0.1552998414824395,,0
0,0,20230711160000,1.142160028252862,-0.3466533614301105,-1.834391306280583,,0
0,0,20230706120000,-0.5454459989397435,1.106850182189822,0.6811856501241133,,0
1,1,20230712110000,-0.049033373433478,-0.1140591723723564,0.5020192709968649,3.0,1
1,0,20230802070000,0.3267989098897809,0.8395935456672053,0.4104297531945024,,0
0,1,20230729100000,1.629009603349268,-0.9688316315467528,0.1956740632309783,,0
0,1,20230810110000,0.1613579246425079,-0.3836904195809842,-0.878786888332108,,0
1,0,20230722080000,-0.3947975629240973,0.9540138158473068,1.0829627710191114,,0
1,1,20230714000000,-0.5235443812868572,-0.8056053984262593,0.8981397208166358,3.0,1
0,1,20230724230000,-0.0373568412419386,1.0121364609085306,-1.0754227768446651,,0
0,1,20230806210000,-0.9093647696406127,-0.6283840909951381,1.3142950105177515,,0
0,1,20230810190000,0.0288757231490102,-0.3216625150584195,0.1316694346353874,,0
1,1,20230712190000,-0.052019688458014,1.670162587348925,0.1291369531451724,0.0,0
1,1,20230706000000,1.6415269486441515,-0.4358189771662314,-0.1763553364186827,2.0,1
1,0,20230705100000,-0.083601138590921,0.1453458027506347,-0.0779933965850558,,0
0,1,20230808200000,-1.9244881610488496,0.6164364225217362,1.37089918830977,,0
0,1,20230729140000,2.6735109703964786,0.2265086496720112,1.0330749845985154,,0
1,1,20230811120000,0.9568337311560968,0.2550533488895766,1.011847083639415,,0
1,0,20230709110000,2.082348744095585,-0.0565397439817343,0.1845643525453781,,0
0,1,20230707200000,-1.1573199869844844,-1.3022392090163228,0.8891717235343964,,0
1,0,20230713160000,-0.2218267812562919,0.3482893300997585,-0.8343130740405719,,0
1,1,20230721160000,0.6744012414943192,-0.7324684570116543,0.5834429784980668,3.0,1
0,0,20230727070000,0.5363913722844591,0.7757672174031766,-0.1534880319689673,,0
1,0,20230724030000,0.3069377073595517,1.3720614239496856,-2.0598049874083224,,0
0,1,20230804070000,-2.199610718500554,-1.805557261417016,-1.5861016588219634,,0
0,1,20230707110000,-1.7124394575643138,1.3738078274271044,-0.6629787800892201,,0
0,0,20230716060000,1.517520109063872,-0.4110577918670434,0.4151539843487101,,0
0,1,20230730220000,1.6953295328696896,-0.1309492221844728,-0.6620797883339692,,0
0,0,20230807130000,-0.1066512914363956,-0.9123874525123896,-0.5911167373847088,,0
0,0,20230726190000,1.390427474406382,0.1884677290662768,0.7632609218748418,,0
0,0,20230711100000,-1.023227766143298,0.0668148831774055,-0.5550121194496871,,0
1,0,20230809200000,-0.7944260534686807,1.0769228252928504,1.330807242034411,,0
0,0,20230808030000,-1.1022803218631494,-0.7413932766302571,1.1651237398201346,,0
0,1,20230806170000,-0.8499195456886461,1.6608024019379088,0.0218813205713183,,0
1,0,20230714210000,0.7226960095226193,0.6647140863088895,0.7534614516583287,,0
1,0,20230727170000,-0.8623523730634445,0.090968976775409,0.617240454356382,,0
1,1,20230810080000,2.239743039927865,-0.180784363895491,-0.2456652759594035,,0
0,0,20230722060000,0.460070606347438,-0.3065694471338502,0.8616346629721463,,0
1,1,20230713040000,1.0845270464950882,-0.2413437744065047,1.008902055390527,0.0,0
0,1,20230701190000,0.4899405828000732,0.1684019569354735,-0.9524352307904004,,0
0,1,20230712170000,1.214269650459279,-0.2089999606937322,0.1535486383207412,,0
0,0,20230803040000,-0.8679999995385472,-0.6405294565074873,0.1425038225761655,,0
0,0,20230701000000,1.446933538199557,0.1744592948367024,0.8496194674507047,,0
1,0,20230705220000,0.1409388855914368,-0.8362881187253874,-0.4438583504493367,,0
1,1,20230702100000,1.209266110968739,0.3224669010017471,-0.5977603327764287,2.0,1
0,0,20230709050000,-1.4395640533761842,-0.2230670354807415,0.1689996603111536,,0
0,1,20230721040000,0.180583206608363,0.6967309092318439,1.181359223253573,,0
0,0,20230801120000,0.1452387167816652,0.9890742106954769,-1.1993771154099335,,0
1,1,20230703100000,-0.6192364649794415,0.9886805603447388,-1.0248061533371278,1.0,1
0,0,20230804200000,0.3131188297472641,0.318105056052626,-0.5205049079705885,,0
0,0,20230707160000,1.5396068480015146,0.434831220766845,-0.3425770720815524,,0
1,0,20230729180000,-0.6961523589631211,-0.3227510261184353,-1.7655828024375149,,0
1,1,20230709130000,0.9618543562049384,0.6776396884833475,1.4981952869151478,0.0,0
0,1,20230701110000,-1.1274230561465082,0.7905013606617233,-0.130306591349112,,0
1,0,20230721090000,2.109444594642459,-1.567329153524528,-0.2801045241799713,,0
1,0,20230712110000,0.7846003184367084,0.3783471956072637,1.6226375380354172,,0
0,1,20230729200000,1.7251173322585722,1.368129807708867,0.7177934951238125,,0
1,1,20230711010000,0.6720605190937674,-0.3562902946047844,-0.5354218773333488,2.0,1
0,1,20230709230000,0.3906131777293616,-0.5745469761338794,0.1646078453081554,,0
1,0,20230711100000,0.7929329404859182,-0.4198634610863194,-0.0417371323764787,,0
0,1,20230803180000,-0.1364474633541714,-1.5048759928291269,1.448350856929277,,0
0,0,20230706050000,-1.617833905558322,0.1259839544489105,-0.1674242016835931,,0
0,1,20230811090000,0.4473993464667924,0.0299654400972514,-1.4420595418582098,,0
1,0,20230710000000,-0.7555033345997547,0.1970268328773009,-1.877224106805296,,0
0,1,20230713170000,-1.1016619153794025,0.415976621217802,1.4751613474066878,,0
1,1,20230803040000,0.63629316843861,-0.7979934021814765,-0.7886146977626303,2.0,1
0,1,20230708160000,-0.2791084748996939,0.2731991990220437,0.67021165563331,,0
0,1,20230702140000,1.0277044066056895,0.4431986599157297,0.0717634307150519,,0
1,1,20230710060000,-0.7889407687590703,-0.4883917308170321,-0.4166547878782574,4.0,1
0,0,20230708150000,-0.4708289765138265,0.4201179982519729,-0.2598474170031256,,0
0,1,20230721140000,1.1502960263013935,0.0807066263867413,1.583377881529533,,0
1,1,20230718180000,0.2798426609976086,-0.6311897694433802,-1.4480634286431249,1.0,1
0,1,20230708090000,-1.4773280409061398,0.2827886964836766,-0.3864552307559256,,0
0,0,20230808060000,0.257760882860111,-0.2907107433532194,0.9065657606837012,,0
0,1,20230718190000,1.4812385485888035,0.697065274014387,-1.283145008446256,,0
0,0,20230713050000,-0.478577444621467,-0.2391663800690377,1.3172828077775849,,0
1,1,20230805110000,0.5980576964529088,-1.28976558176506,0.8922497157536254,3.0,1
1,1,20230707060000,-0.849386915155905,0.2669869855276509,0.2717956851323369,4.0,1
0,0,20230716230000,-0.136783274969429,0.2294032478314346,-0.5031569042742675,,0
1,1,20230727130000,1.0898355364504335,-1.0811371127976614,-1.4115661551839571,2.0,1
0,0,20230803200000,0.2192316677549735,0.7505361154353056,0.7070458941340707,,0
1,0,20230713190000,1.2892698627156365,0.6982208361354789,2.7486449344838872,,0
0,1,20230714230000,0.4253024042278616,-0.8699801924749085,0.1458925359168581,,0
0,0,20230809090000,2.218739677200842,-0.6596263010599115,-1.8260454107319009,,0
0,1,20230801010000,-1.5649133692192694,-0.1420076130295268,0.4575164901267476,,0
0,1,20230807030000,-0.2171933500609648,-0.7588521310376378,0.8602629714011955,,0
0,0,20230716140000,-1.0845337932920514,0.6403971849116776,-0.9178524318959372,,0
0,0,20230701070000,-1.0162491744582494,0.1489719493272099,-0.6455119260893958,,0
1,0,20230715040000,-1.0071836938060397,-1.0935571458882358,-0.747378228746292,,0
0,0,20230706080000,0.1677258220512203,-0.8224709128492901,-0.5313638668636889,,0
1,1,20230802070000,0.2263009348218671,1.1877191771664013,-0.1721631142780459,0.0,1
0,1,20230728200000,0.4274559249951163,1.5355623779154153,-0.8609011084935029,,0
1,0,20230715150000,-1.1230605601445518,0.5387289760525086,-1.235837741352225,,0
1,1,20230715210000,-0.3242248189982904,-0.2112752551503138,0.1743753856750171,3.0,1
1,1,20230722120000,-0.9642946397563682,-0.4399629124065766,-0.1826620398637007,4.0,1
0,1,20230721140000,0.935881556271716,0.5496994183110051,-0.4362417701168167,,0
0,1,20230704130000,-0.8702675501809736,0.0759205342594866,0.0831897167215142,,0
1,0,20230708060000,-0.2137121519958814,-1.610071447414377,-1.5201757055584442,,0
0,0,20230803090000,0.5603064413231057,1.0318679825348305,0.26320292299676,,0
1,1,20230709000000,-0.6156286744975648,1.345803267362869,-0.4156882002895627,0.0,1
0,0,20230713220000,0.6938784449806538,0.7372525329431979,0.2394894681127795,,0
1,0,20230705220000,1.5960797355331489,-1.091611194628208,0.3996491054189676,,0
1,0,20230710010000,0.1897117287255253,-0.6368264497233397,1.1311512782861777,,0
0,1,20230718180000,0.9016109145684073,-1.8577198613577115,0.1029544169889114,,0
1,1,20230810090000,-2.0734208889363828,1.596048491395556,1.0667188300543264,,0
0,1,20230718050000,-0.4290519268478506,-0.356738563259028,-0.3219131411300903,,0
1,0,20230705170000,0.1849008169289769,2.3332893216497825,-0.2741775133644233,,0
1,1,20230810170000,-1.0529650784003068,1.955230030907778,-0.0909281728236752,,0
0,1,20230707000000,0.2076493354040917,-0.9034264163689436,0.774124900678212,,0
0,0,20230723090000,1.0599405560591506,-0.7082677394030134,0.6309590770229132,,0
0,1,20230727230000,-1.8795606280100217,0.4661903423471197,0.1350718798617939,,0
1,1,20230713140000,-1.1890728658038474,-1.7545421038662703,-1.2277353416045216,1.0,1
0,0,20230731230000,0.1848132707641853,-0.4382591173785617,0.6130591757663258,,0
1,0,20230806160000,0.4604197294400478,-0.5381590012067285,-0.8614046347829709,,0
1,0,20230725110000,0.7380803749096508,1.8511659419467084,-0.91589739379972,,0
0,1,20230811020000,0.1108894788877678,0.1610178855044556,-1.1384850899376828,,0
0,1,20230804230000,0.4615124050158089,-0.2847669775371961,-0.0831687108020354,,0
1,1,20230715080000,0.9034807085406812,-0.6314847326853011,1.2117242984706875,3.0,1
1,0,20230803210000,-0.4144581017703261,0.894049597324794,-0.9653605443802138,,0
0,0,20230810030000,-0.608586086006421,-0.4967108239304083,1.6785759531740878,,0
0,1,20230803080000,-0.1685066309348683,-0.0502829743624999,0.909810222453572,,0
0,1,20230701000000,0.1994879422774132,-0.6391235224719644,-1.4646020632506245,,0
0,0,20230707020000,-0.6582734432013181,-1.5175371320153943,-0.3827751821783212,,0
0,0,20230712220000,-0.393757316473212,-0.9960351277026638,-1.0402502669908051,,0
1,0,20230810150000,0.3977017705072957,-0.5019717073646935,0.6649554577357163,,0
1,0,20230728050000,0.1577507810297153,-0.2632548302636291,-0.9881633476704093,,0
1,1,20230703040000,-0.1853371228157582,-0.2194239259235071,-1.6211194770561796,1.0,1
1,0,20230713150000,-1.741069310062649,-0.0889197005187621,-0.3257257767370883,,0
0,1,20230703200000,-0.00350799200854,-0.4886876301510091,1.1693940736962585,,0
0,1,20230716000000,-0.9700039675090428,1.3491263481684062,-0.1925162238425533,,0
0,1,20230726010000,0.9830827052059,0.947984119856982,0.3984438633566818,,0
1,0,20230809210000,-0.3087211532785076,-0.1351092671908381,0.4372310975470408,,0
1,0,20230710030000,-0.9962320562225204,0.2542582797409963,-1.5122755927410747,,0
0,0,20230810010000,-0.0615432738800487,-0.372088241452955,-0.8993741271546539,,0
0,0,20230730070000,1.2706995850921912,-2.8434852920517755,0.0064641871975972,,0
1,1,20230810050000,0.630815849144619,0.0204930129260248,-0.5573549836553883,,0
1,0,20230724220000,0.2199171506059341,0.3056143612512159,1.7044545503941575,,0
0,0,20230725080000,-1.3260950590468563,-1.6126617580402274,-1.22832239508089,,0
0,1,20230707160000,1.6216000997663216,0.4994110691946026,-0.9092601032328502,,0
1,0,20230729080000,-0.621627174035903,-0.2805766779448092,0.2905442594797459,,0
0,1,20230704160000,0.933783912872343,0.3379337206346621,-0.6278933377832894,,0
0,1,20230729150000,-0.3253628783514149,-0.2503986473700857,-2.8918325989502067,,0
0,1,20230802120000,0.8375078724832392,1.250954474226849,1.9346812294138167,,0
1,1,20230725080000,1.3068740958752738,0.2262288205840868,-1.074305386226487,2.0,1
1,1,20230801120000,0.6481372699075333,1.0024164586720072,0.5608927226818058,0.0,1
1,1,20230725120000,0.7558549597599394,1.084726142174945,-1.2533911712241548,2.0,1
1,1,20230707140000,-0.0984389861556322,-1.1195557260884106,-0.86303490708299,1.0,1
1,1,20230721080000,-0.4339661420728108,-0.7390168700211478,-1.622933002681238,1.0,1
1,0,20230810100000,0.1382986897858102,0.451610682726256,-0.7411934002630799,,0
1,0,20230714110000,-0.3399145057692169,-0.3655372837581722,-0.6442818174485494,,0
0,0,20230726090000,2.467203710812492,-0.2386067692562958,-0.1325656773448969,,0
0,0,20230716200000,-0.9923582864905136,1.2865648221706096,-0.3725688423764492,,0
0,1,20230705050000,1.002085216590409,-0.3103663781920701,-1.441519826963828,,0
0,0,20230721130000,0.5171968345390136,-0.9689293482485823,-0.5238998283439267,,0
0,1,20230727190000,0.2298722081239377,-0.8338000016355946,1.447010666774807,,0
0,0,20230726130000,1.4798860999138403,2.182356501192701,1.3283905454118128,,0
0,0,20230701180000,0.2983774526011791,-0.178219480385237,0.4556870289146901,,0
1,0,20230719210000,-0.6349069197424152,-1.3642477552179104,0.6630992467401732,,0
1,1,20230721010000,0.2917303772534079,-1.7694585953165944,2.060822801135346,3.0,1
0,0,20230725170000,-0.1831782689052286,-0.6246366426741136,0.5712476595884974,,0
0,1,20230717120000,0.5032846688166488,-0.1965221194273834,0.6441898605375508,,0
1,1,20230712140000,0.8130736316294986,0.9491737064276724,-1.5645830261135425,2.0,1
0,0,20230805100000,-0.8590879423640695,0.8523451664617671,-1.1126305612381386,,0
0,0,20230716040000,1.1953361180028157,-0.0063464210728351,-0.0326903170012031,,0
1,0,20230714180000,-0.2548998448684591,-0.454168586159589,-0.8074422250742472,,0
0,1,20230727160000,0.4436139226821785,0.3396018534216899,-0.9979552870231718,,0
1,0,20230715070000,0.6170301703206962,-1.748746076136388,-0.8824590482322486,,0
0,1,20230804050000,0.3673886906306303,1.9810808939292173,-1.4235706421811276,,0
1,1,20230719220000,-0.109108517652569,0.6541055958566111,-0.7913844860820516,1.0,1
1,0,20230726000000,-0.488597581992664,0.8669902197282723,0.3394355548108988,,0
1,0,20230731040000,-0.2689945073033413,-1.0741533818766107,1.7963239264846849,,0
0,1,20230728060000,1.565171932528877,1.282648641296596,0.796982182713619,,0
1,1,20230703160000,-0.8658664371290591,-0.4600171610262952,0.6361554850394354,4.0,1
0,1,20230704030000,-0.7192433379629661,-0.9525581228185632,-1.623533384398406,,0
0,0,20230730140000,-0.7631488231437142,-0.0391723706062195,0.1192967050220171,,0
0,1,20230706220000,0.135753879917665,-0.0625550859883739,-0.0669599032971397,,0
0,0,20230808040000,-1.524705449987806,-1.0785370725119967,0.2907410969511788,,0
1,1,20230808020000,-1.3535598561343931,-0.8949373535413653,-0.3606874694774592,4.0,1
1,1,20230804110000,-0.260954832959258,-0.9732317753280502,1.6620767410146684,3.0,1
0,0,20230726040000,-1.2877754452982375,-0.9637150678568248,0.0527755162978226,,0
0,1,20230720160000,-1.2062713092828017,-0.3880979070996003,0.1502233549368725,,0
1,0,20230718080000,-1.2802684093629393,-1.388985136172458,-1.9624402248468504,,0
0,0,20230713160000,-0.8466117091333288,-0.6913744974139358,-0.106675681944321,,0
1,1,20230731150000,0.7312465066704062,1.0451345483842691,1.1492593500306345,0.0,1
0,0,20230721160000,0.9557079561210824,0.8233094521041837,0.5555756081410355,,0
0,0,20230713020000,1.9190008932186056,-1.0498792408927546,-2.1555909397431083,,0
1,1,20230809030000,1.8823618585134785,0.9582049172942336,-0.4496750731462242,2.0,1
0,0,20230705050000,0.7863127098804469,-1.966439269136049,1.7318994673630033,,0
1,0,20230811010000,1.0276776748010317,2.4291443220121534,-0.1506407202815244,,0
0,0,20230712020000,0.1311020906859181,1.3003131921355924,0.3224159827111273,,0
0,1,20230806020000,0.5198648520122691,-0.5597319121401069,1.6190092872873014,,0
0,0,20230810070000,1.9436030481831703,0.3824265617351101,-0.154614141546906,,0
1,1,20230726210000,0.3712128680568303,-1.400919328109129,0.7910298599579032,3.0,1
0,1,20230810130000,1.1532385785452397,0.0604427899258135,0.4113958771583612,,0
0,0,20230805010000,-0.9343516085785112,-0.1836630325024668,0.6251488635103922,,0
0,0,20230810010000,-0.6662387242582275,-0.8347633893923956,0.37921565683347,,0
0,0,20230809050000,0.3120695977949675,-0.468557486325859,-0.5476298785147864,,0
1,1,20230802080000,0.149931670063391,-0.5669874758094271,-0.4477975514226696,3.0,1
1,0,20230701020000,-0.6199341874048961,-1.1317367193176353,-0.8545761803683251,,0
0,0,20230704120000,2.407377583931219,-0.8581472458966631,-1.639709118870289,,0
1,0,20230803010000,0.1725941039148661,-1.4418444259997123,1.244529910676643,,0
0,0,20230714150000,-0.4427250521846618,0.8573307655606177,0.0100829668812098,,0
0,0,20230803230000,0.1516188273606302,-0.932112746456269,1.1941601825244574,,0
0,1,20230719170000,0.0254267026116347,-1.2220208715701542,1.5653726745846497,,0
1,1,20230719210000,0.1878025478910883,0.8415046798159969,0.053417480909544,0.0,0
1,0,20230808110000,-1.593717015351033,0.3696203543393301,-1.3134891316906248,,0
1,0,20230727040000,1.2919466965668656,0.8045010559489593,-0.196188145852466,,0
1,0,20230710040000,1.3488294204391502,0.9160832241966544,-0.6711436067631215,,0
1,0,20230707090000,1.4703207720364857,1.937454896938424,-1.980150459054988,,0
1,1,20230728160000,0.3254317585362977,-0.1560397666931843,-0.5017289049288782,1.0,1
1,0,20230701110000,0.6624810601645157,-1.4576076789955077,-0.0715372120645129,,0
1,1,20230706120000,-0.8662269480072499,0.2710378007621253,-0.6433243957646548,1.0,1
1,1,20230811090000,0.8328993285973896,-0.6690046228798174,-0.771545086951487,,0
0,0,20230713150000,0.251787706893939,-0.9575052833155407,-1.2775358221329547,,0
1,1,20230713040000,-0.4604066156392422,0.0999251722172408,0.1959221483542773,4.0,1
1,1,20230810140000,0.8647446916408404,0.8657527330095898,1.869269283216241,,0
1,1,20230713110000,0.9034490360911002,-0.8359948415962833,1.2786238880511476,3.0,1
1,1,20230731190000,0.060608835674933,1.2743880873317186,0.6536268879869651,0.0,1
1,0,20230802140000,0.4383825801284031,-0.989613959002816,0.675409118931041,,0
1,0,20230702180000,-1.0317170119335606,-0.2439032213254632,-0.132643144259125,,0
1,1,20230809070000,1.2431834372143582,0.3863078817808679,-1.8045131792870404,2.0,1
1,0,20230715060000,-0.8988131880349017,-0.3878992086840582,-0.3694316894606993,,0
1,0,20230714130000,-0.7054256480791758,-1.7760023389385369,-0.9692776873321504,,0
1,0,20230803210000,0.0623156454305368,0.9274074917888052,0.1546967493453234,,0
1,0,20230721170000,1.1145162842184595,-0.6234643403560272,1.2332147039387549,,0
0,0,20230716030000,1.113948633215661,0.7448984493936928,1.9734095902484603,,0
0,1,20230807020000,-0.0048246219051302,-1.264144135027662,0.0646210311805321,,0
1,0,20230718180000,0.7730133622538113,-1.0934365820964118,-1.6671563371773557,,0
1,0,20230701200000,-1.689058449328896,0.8624334095553571,0.0626760501619782,,0
0,0,20230717220000,-0.7193199901295528,0.3405080927420234,0.0898561629133821,,0
