cluster_0_x,cluster_0_y,cluster_1_x,cluster_1_y,cluster_2_x,cluster_2_y
-5.730353864865594,-7.583286018401834,-2.901305776184908,7.550771180066203,1.9429921932865295,1.91887481742292
-4.319542652882475,-6.976169493000596,-1.350602044045346,8.19360380984661,6.829681769445774,1.1648713985855803
-7.504445768846949,-6.854018543065113,-0.3761642483964835,7.062198328675819,5.841092758392046,1.5650943109191806
-8.002349212713568,-6.497699847091896,-1.9383071123595832,10.14985176837892,5.470214652772347,1.1170858580318648
-6.7973432018758455,-5.814629218210595,-2.581207744633084,10.017819026090343,4.91033566200794,1.9229315744915951
-5.31410316191693,-6.945859854348934,-3.6155325970587775,7.818079504117651,3.572258406845507,1.8307901989194384
-7.326060805701799,-6.686019600377639,-2.300334028047995,7.054616004318546,3.993305951985575,0.891621680326337
-6.093827032500438,-6.454652031490982,-1.555195859559548,9.66567737950412,4.929653693124514,4.048570482586171
-6.612576925282012,-5.99047879765251,-1.6966718006585522,10.370526156769143,5.698303323077689,0.2144301975176177
-6.929090900803703,-6.205290101109343,-3.4997339481834384,8.44798839859555,3.24131126240896,2.536138920631303
-5.895304792674686,-7.094098437501455,-3.837383671951181,9.211147364067443,5.216435799283868,2.284419838484268
-7.3972384901874415,-6.6563216416370485,-1.2037188158984211,9.03528996983108,5.034330978606398,1.552185203120469
-8.720501422482915,-8.159686560011648,-2.728869510890262,9.371398699710069,4.384901618807247,3.477162672523421
-7.711982764255499,-6.408694036889543,-1.7181656760097033,8.104898673403582,4.607125566012103,1.429744912806967
-6.361968170682147,-7.605853406429411,-0.3652535337274245,9.648205150516333,5.01102470959941,1.3691844972249114
-6.969362885438497,-5.439992377826474,-3.110904235282147,10.86656431270726,4.400930789361691,1.065606021899134
-8.224077702185546,-7.798761539760145,-3.5220287433871738,9.328533460793595,3.81765844066167,2.2168568954326444
-7.396915641251642,-5.470762153090367,-2.409546257965109,8.510810474082122,3.033432515970529,2.176633319807955
-6.783506414210287,-7.342384881980989,-1.9941623558440904,9.52807207911053,3.65027401596952,1.847382763841084
-7.990203036617099,-5.127839149852324,-2.4393955380627315,8.628972531336562,6.2848465497293855,1.7241336443843536
-7.331933510400347,-9.303988919904905,-3.239564254769886,9.230744717780295,4.527550786537272,1.752200084407509
-6.751522776240481,-7.5611612507508275,-1.6956804056830803,7.7834218117643665,5.351493714316991,0.8485275921028628
-7.55601949321054,-5.079169160365131,-2.096266168777126,8.450561575394346,3.927033053550937,2.079599911632629
-6.553494168909152,-8.131223169661249,-3.3559913411211557,7.499438903512457,4.981634812005261,3.849340523156618
-8.463530014636994,-6.11969493713165,-1.885077806000595,9.642631637462602,4.919847462547922,0.8476806366423555
-8.40515236207601,-7.572017663157191,-1.3663748085377296,9.766219160885097,3.9880427284259423,2.020568355257146
-7.434826717844468,-4.9989525238353565,-2.147561598005116,8.369166373593197,4.390914687749028,2.9447406348950875
-6.234143010010195,-4.716854869970486,-3.515215004552452,7.80009751541059,5.278471295005476,0.3116496216717721
-6.688528123131367,-6.833673045119798,-1.68713746305826,10.911079110852269,4.688400464172928,1.1422195675296942
-7.32581062436605,-8.769650324221477,-3.490706274100701,9.476389602461593,4.525338990975484,3.2109859959141938
-6.038983642162546,-7.532733572578337,-2.147802017544336,10.55232269466429,4.875493394336667,2.7440348778276986
-6.914615681648232,-5.109308957640437,-2.3956802778015023,9.676416802719368,5.807660897887908,2.227590527241945
-6.439612741097938,-7.382163817628558,-0.923180806907398,7.776470629371472,4.066216829347865,1.42631074270034
-8.327641091567514,-9.078915549896028,-2.45098890460675,7.871315830367698,3.8494043807827896,2.444638041076728
-7.314123418583586,-7.189281716744586,-3.2245013323127183,9.693883877132995,4.086229530880919,0.7752917913518835
-8.101755000043216,-6.1671111631035584,-4.534340209710358,9.20074044296775,5.169683014143384,3.4147383045986324
-7.846603334280483,-6.927820949417926,-3.436128094630833,8.954760772136522,4.726468623701002,1.8174924485486528
-6.590458547243452,-4.424809453365052,-2.035959998479205,8.94145721554145,4.972192848207693,1.2246831473841784
-6.657493419517557,-7.358858214939424,-1.3460338708977906,9.024519189217909,4.532848476273544,0.937927361521358
-6.450008972018685,-6.672421906112835,-3.3381926339748222,8.454105088001352,2.861158587323823,3.4692139954299157
-6.713174982938214,-6.387658329267797,-3.3346948198452617,8.692900286545328,3.6277744609679337,0.3183130120749626
-7.119952589309405,-7.254930400825544,-3.038957826819789,9.527553561311676,4.063107505659769,2.728560909766488
-5.332121989821209,-5.084231920180425,-2.543909392757993,7.845608090578789,3.880746174674403,2.1235634704169395
-7.960690518751168,-6.2641739863316825,-3.746148333930832,7.693829515114045,6.142235888324129,2.047264464360507
-6.635826477380071,-7.444188224012675,-2.3360166972015683,9.39960350792716,4.180517936687857,1.1233253144759403
-6.236904431283726,-5.550957063143516,-2.2951038789225464,7.768547349486333,4.7375549347769335,1.2001599000852656
-5.955600171944369,-7.065011729718936,-1.6095977476194996,9.321585649074931,2.5724367361882248,1.8840496444279435
-6.974922723538223,-6.601088067505607,-2.412201658060032,9.609443153635237,5.330022827939214,1.5719492120548957
-6.271730681434731,-6.693500470119589,-3.282022837590322,8.777467521458313,2.5159831119182945,1.447414662259971
-7.046745271468124,-6.733395906842624,-3.0985623799969617,9.863888225219346,5.566056383759743,3.8825863244108634
-6.157955127108035,-8.009161364493176,-2.1779341916491863,9.98983125532068,4.168840530609779,2.2052196212983683
-5.329126698337193,-7.878463634014738,-2.2516472323299856,8.939840212432154,4.380287484864496,0.4700267308226258
-6.708761753023328,-7.064092929628626,-3.483879293280072,9.801370731940771,4.126011918891408,0.9139561620517804
-7.737984971332484,-6.179799713866955,-2.5450236621627016,10.578929784012328,2.926744307137224,3.327042058106145
-7.517014318457788,-5.691093062168395,-2.281737688448621,10.321428882480747,4.977481498303304,1.5612927178182647
-7.404147457431044,-6.3907350320480285,-0.62301172184222,9.18886394103016,3.876619679685585,0.1682875832762129
-7.100591364980934,-6.853223754281416,-2.422150554814579,8.715278777732454,4.658297215417653,3.649606996216015
-5.8477826516826354,-8.365669966312918,-0.3870414260401169,10.046751388749469,2.9704735551067296,2.516529876320667
-4.58072906753202,-7.242948153715606,-2.5040841664102893,8.779698994823175,5.140796023852483,0.995614439142181
-6.954060620251316,-6.259437495725269,-3.770081577387796,9.932148075253098,5.272660702334386,4.243862541745128
-6.623597456837395,-5.897418609330432,-2.2130773459881743,9.275341400378212,5.285254785813249,3.341801241473081
-7.606764366976138,-7.127628228827452,-2.2493148288043265,9.796108999975631,5.885964028725731,-0.1002205484674174
-8.23948333213119,-6.133856027248726,-2.4121200737047097,9.98293111873121,5.646171645442542,1.3962778144175831
-5.850471553825626,-6.407512110862903,-1.686652710949561,7.793442478227299,4.370472001783544,2.690711939736694
-6.6831060214498,-6.171105835687435,-2.7268788262799704,10.11306298018551,3.3499179364870475,0.6780909118771159
-6.6767041702999705,-8.39585370827318,-1.6837812740647204,9.82779576419896,6.488834931173447,3.0997347134884894
-6.288972360458961,-5.771406012693038,-3.924568365103165,8.593640805432962,5.497538459430121,1.813231153977305
-5.032990195103604,-7.950194359602099,-1.9872560574358524,9.311270801431508,3.319645629207459,3.8046284497950857
-7.438549038422859,-6.502897718211425,-2.2325068237227312,9.841469377234343,4.189813364748858,2.5960196162882307
-6.571825422259211,-8.590277985932572,-2.4416694183648264,7.589537941984865,3.977255077282255,2.5437683525338914
-7.24059335697035,-5.720779789911699,-3.189222344631241,9.246539825359324,3.9214346149756656,1.7597225322288848
-6.630243507440515,-5.302656313512472,-2.981129488842184,10.103236725165688,4.370990145673271,0.8666437751990617
-5.941343385175273,-7.39615432149332,-1.4261463798774732,10.068088180233223,3.654152789892557,2.477216199458576
-7.58397088169403,-8.288570889639507,-3.6601912004750528,9.389984146543991,5.511003539659794,1.647146151772891
-6.912754164025067,-5.085551729758159,-2.8519121395795195,8.212008858976702,4.71724714387572,1.1118854826124682
-5.943948798003809,-5.608554498281788,-1.92234052925248,11.2047417540083,3.764260582843344,0.5903699529763959
-6.850882368216452,-5.601657730668648,-1.7619040179294885,9.624656393631788,2.6017543010502475,0.965083373023328
-6.510953882278369,-7.2734484056033075,-3.428621857286553,10.56422053321586,4.645122535946284,2.020150277705474
-6.914312078538051,-6.645894860739426,-2.717319873410025,8.521285193539489,4.37000390093473,0.9944059681584246
-5.3000550454205575,-7.402969620429215,-2.448967413111724,11.477528240683608,4.364827139076457,-0.3287514807948528
-5.684580562226428,-8.40329649805972,-1.883530275287744,8.157128571782039,4.408944306019423,2.6693760487541502
-7.491144994143219,-8.286770690124168,-2.216125149754069,8.299934710171954,5.2169509634086415,1.7701242978977394
-6.9197851417956135,-8.310884695393995,-1.8229374326782368,7.40157025700867,4.621365700235711,1.6845110450205936
-7.502767717576035,-7.435586712436201,-3.398712052678273,8.198475843232883,4.884845407336824,1.4662265085696022
-6.683781936053588,-7.858482370890979,-2.185113653657955,8.629203847782005,4.394135772142157,1.7004461141930616
-8.227812613256983,-6.136845499253232,-2.6609827180883334,9.6026033346829,5.590302674414152,1.3962660282783288
-5.805995441291498,-7.906624892687007,-2.6248459054409907,8.713182432609033,4.109377688617574,1.397351443296052
-7.243239403365126,-6.937055216997014,-2.949242109749734,9.145026705484414,5.023944285167409,1.9404749358466389
-6.593761800426365,-6.545652803288922,-1.9941499367467024,12.867017618853042,3.7414641648797433,2.4650888554472377
-7.066498835312629,-7.3198406515501215,-2.151410262704467,9.575070654566556,4.821745091286597,2.221390270241068
-7.187405426104271,-6.660959265612008,-3.700501120255399,9.670839736832152,3.124687774029549,3.3400439513852564
-5.214152746688693,-5.865739528257816,-3.5800901211138623,9.496758543441508,6.233065462867499,1.4619540075095467
-7.492415881635656,-7.267811153211931,-2.2587047727068734,9.360734337695297,5.118858661974493,2.3068317892276804
-5.459122943161415,-7.450855887025423,-4.059861054118883,9.08284910300435,6.091022444023143,2.932440510025939
-6.961778369543839,-5.762813761687819,-2.732660408378601,9.728286622290414,4.5771997389549295,2.9283120044419704
-7.855500444128602,-5.826467796668107,-4.116680857613978,9.198919986730626,6.793061293739658,1.2058221210526825
-7.802860437262174,-8.231794198892281,-4.427968838351792,8.987772252749105,4.837963596995956,1.8288092720167892
-6.247219452095749,-5.907555143649216,-2.2282057553177177,8.391586608377727,4.749273630832994,2.698936307839424
-6.168667222947779,-6.435846281789907,-0.6434231119079936,9.488119049110107,2.936496396872947,1.9176219850441127
-7.883767957903338,-7.647907158380075,-2.31013792747928,8.414069251039527,5.5094847563337614,3.328807542745683
-6.608048353955897,-8.156858169096257,-3.348415146275389,8.705073752347108,6.2684943817993934,0.5930682257258406
-6.18140387753768,-6.486624207854197,-2.4636257831489363,8.362685780592505,6.327020471300666,2.8548094408901825
-6.9191823450079255,-6.198608895903322,-2.496195731174843,10.467820205355638,4.863971318038519,1.9857620847225268
-8.160056543647553,-5.125315411291582,-4.234115455565783,8.45199859895735,6.1910308117506245,2.0888443182335905
-6.925213207506768,-6.636770143953255,-2.185031270564308,8.884143073830638,4.531118687771244,2.374881406039673
-5.497468200113743,-6.231399705686304,-5.750464963121823,7.989898486864032,6.163002913497759,2.5120797276253906
-6.197735701524959,-5.033402267539913,-1.2315327272643253,8.422714739362492,3.0454511774337343,1.3737946609869591
-6.536901844773566,-6.423356374122163,-1.031303578311234,8.496015909924674,5.469284417411591,-0.2379656250671531
-6.819996821231096,-7.52704637098152,-1.2422864738661274,8.306616662579541,3.105764665492479,3.250846505839241
-7.9606837315595325,-5.826956739943043,-1.3510867495526824,9.805948822161255,4.620862628325413,0.9706403193029232
-7.517367175402586,-7.411106548277765,-0.1945390563792415,7.147020935606573,4.966806209992264,1.7540691551318677
-6.257817228934074,-8.450334313166403,-1.8272446517577865,8.704019371604865,2.9474142065132822,3.502720003401346
-6.386309290270381,-6.695273469581073,-3.2112507169301026,8.686623981600553,3.191794494730777,0.5657059095641768
-7.126804573671867,-7.562093841273745,-3.709494030108527,8.679784892357373,4.573799037580785,0.7621534841782753
-6.896050087224023,-5.691716319827862,-1.534077889634999,8.867228746696183,4.152272612155608,1.540611496121111
-5.673118224642913,-7.697045264263183,-2.9945611708818536,9.096160267584644,4.739211141657327,2.724556807312521
-7.05657441864532,-7.6784068378144,-2.9841429342137062,8.360956895624609,3.779465470944149,1.5886141397109066
-6.22108291847844,-4.869905054509597,-3.571501336778855,9.487878558833502,2.168234336100812,1.176274428470255
-8.258946419165797,-7.611039633217866,-0.9299848075453588,9.78172085735123,5.819318956949388,1.5039940318360272
-7.369066633669492,-5.835948716206874,-1.0679243339866349,7.578423977018883,3.16129259044826,3.116923727147661
-6.229426013192609,-6.9792854570553295,-1.5458214938084285,9.42706705513482,5.294244492582159,1.917585013030277
-6.059145009953906,-6.372835562168649,-3.3017183614854506,8.899549686731422,3.0123363983449387,2.021254630602114
-6.286525933182887,-7.189656032589937,-3.053580347577933,9.125208717908189,3.940153328235516,2.187149594674954
-7.455265017389044,-6.758099778630585,-2.433393064859024,8.33712441668621,4.653808128141048,1.9490445968307288
-6.883229730241839,-8.038474282468488,-2.521444395899665,8.11703175671249,5.254045536271526,2.730677393988037
-6.499429340145307,-6.269523847992123,-2.9883718608980403,8.828627151534505,5.463049420190016,2.046487651129136
-7.881247201046186,-7.161209886161902,-2.152182137087703,8.321376532937668,7.213238639477962,2.0323881179552203
-5.081940664301747,-6.239266732008937,-2.7617657744459105,7.766502946233472,4.297191242147752,1.6017288179449405
-7.4318502354322415,-6.247177775520436,-1.593795505350676,9.343037237858006,5.396867452873453,1.051004359763107
-7.829026079983213,-4.247727528438556,-2.978672008987702,9.556846171784288,3.883528090943798,0.5509159743430578
-6.309859910919066,-6.432401033258632,-3.886866991009841,8.0764610882832,2.7690869152022457,1.6216561998994234
-7.1208632490076,-6.52805419676165,-1.043548854131196,8.788509827711787,4.10962121785566,1.1802968516783878
-6.917261893576119,-5.776807711259425,-2.9698363940125376,10.071408354417237,7.718759644683339,3.0927445953753088
-5.812952501562116,-5.710814002830274,-3.317691225945938,8.512529084613785,5.475570948293243,0.8434628292831139
-6.692860426674192,-7.635492525629269,-1.7707310430573395,9.185654409388292,3.602632681901645,1.7828310058571235
-6.295699005825306,-7.239401684063006,-4.028567589006764,8.530052055332071,5.51219947294878,2.156511689679084
-8.28713888586909,-7.657926280866822,-3.292450915388988,8.692224611992646,5.677418780486001,1.463153285085985
-7.42454627796022,-6.480973478923875,-3.170984087821138,9.866719462994546,4.899601337949584,1.0688530588363234
-7.506594248939037,-5.067661035279018,-2.824466867693096,9.773255348691588,6.604603969144491,2.008433235912461
-6.471374435436799,-8.582693197513787,-3.393055059253883,9.168011234143847,3.9892362671062735,1.486044300176036
-5.432649306797537,-6.683554816764372,-2.6704833347187598,9.41833698501286,4.962597396566191,1.145938740388409
-8.436256364675174,-6.274099641930307,-1.9621002418827125,8.812093475764428,3.335409335723248,2.6428422327707706
-6.045705036602366,-6.42092951404751,-3.9877196134201776,8.294441919803614,4.711445073447494,1.495512237175615
-6.668609723948651,-6.976822705146339,-2.267235351486716,7.101005883540523,3.4566203235623263,-0.0660624938193685
-4.352694765277649,-7.410978366196267,-3.186119623358709,9.62596241703919,7.085630815844928,2.10239086591596
-8.159931589822165,-6.0076522649958015,-3.327418306286223,11.106673403883782,1.9889090278350892,3.0646765358631938
-7.299814008247127,-7.161894202136454,-2.9557125751197715,9.870684922521791,5.819176020291928,2.040688165350841
-6.861193258085877,-6.532527887914275,-5.128942727142494,9.836188632573544,4.760174467940001,2.487608517999481
-8.961556599034992,-5.183653224985909,-0.8767863191211149,7.584144750237689,4.695603748516796,3.0673612024116803
-5.623871065577749,-7.774716895495451,-1.106403312116651,7.612435065406041,3.674955375647997,2.6592211439391717
-6.949792902609917,-8.541070526791938,-2.417436846517248,7.026717213597429,5.053313739451802,3.8499654964987977
-6.765399542489231,-6.729807831814069,-2.530099217016898,9.131613511507105,5.120888067964815,2.197053708219864
-6.851308815020809,-6.850353453780201,-2.7545857390556208,8.260549963840832,4.978375243722516,1.5578817700399308
-8.131166615341714,-5.436344989202687,-2.004210344072293,9.880041322368443,4.664389010487044,2.471167975186182
-7.900860008281983,-6.171753145976593,-2.7015585878338726,9.315833470531937,6.521903332703135,3.318589730095709
-5.37622888938412,-6.002747302700275,-1.6963355042137902,9.643914970121934,5.00647708232495,1.0332898976133769
-7.419386871460632,-7.658414318678259,-0.7437433827716533,9.419267839159277,4.950786401826106,3.448525900890284
-6.671244383203717,-8.921844461700237,-1.4781981005567992,9.94556624731452,4.511961244747335,1.0176292433403062
-7.325129712552042,-5.426725116158246,-2.773854456290706,11.73445529478794,4.631906194911484,3.453113822830758
-6.319836743220231,-5.799328867721325,-3.109836312971555,8.722592378405045,3.866089637124528,0.728514980629315
-6.701926190218016,-8.215453951986047,-2.5226948477906843,7.956575199242421,3.800156994047325,1.3737770384967098
-7.450806180934067,-6.307526811919788,-2.065378194906522,9.788920181627658,4.19558557615199,2.350470176985584
-6.746657517004394,-7.58023040821512,-2.9726153158652124,8.548556374628065,4.481870937649112,1.546288613993312
-6.171875255695794,-7.442576369170214,-2.1655793334842888,7.251245972835587,6.7006267611100885,3.728510526383936
-5.480271754565268,-5.955475910363178,-3.417221698573961,7.60198242686303,4.047484911989232,1.109178914260916
-7.40235021167031,-5.831100367439057,-2.4449176039572875,7.936541350269016,4.304094136937973,3.642191209230125
,,-2.5862993324668544,9.355438103014963,5.159225350469273,3.5059085969433097
