Overall rank,Country or region,Score,GDP per capita,Social support,Healthy life expectancy,Freedom to make life choices,Generosity,Perceptions of corruption,Cluster
1,45,7.632,1.305,1.592,0.874,0.681,0.202,0.393,1
2,108,7.594,1.456,1.582,0.861,0.686,0.286,0.34,2
3,38,7.555,1.351,1.59,0.868,0.683,0.284,0.408,1
4,59,7.495,1.343,1.644,0.914,0.677,0.353,0.138,0
5,137,7.487,1.42,1.549,0.927,0.66,0.256,0.357,2
6,101,7.441,1.361,1.488,0.878,0.638,0.333,0.295,0
7,25,7.328,1.33,1.532,0.896,0.653,0.321,0.291,1
8,102,7.324,1.268,1.601,0.876,0.669,0.365,0.389,0
9,136,7.314,1.355,1.501,0.913,0.659,0.285,0.383,2
10,6,7.272,1.34,1.573,0.91,0.647,0.361,0.302,1
11,151,7.19,1.244,1.433,0.888,0.464,0.262,0.082,2
12,7,7.139,1.341,1.504,0.891,0.617,0.242,0.224,1
13,34,7.072,1.01,1.459,0.817,0.632,0.143,0.101,1
14,64,6.977,1.448,1.583,0.876,0.614,0.307,0.306,0
15,50,6.965,1.34,1.474,0.861,0.586,0.273,0.28,1
16,12,6.927,1.324,1.483,0.894,0.583,0.188,0.24,1
17,83,6.91,1.576,1.52,0.896,0.632,0.196,0.321,0
18,152,6.886,1.398,1.471,0.819,0.547,0.291,0.133,2
19,65,6.814,1.301,1.559,0.883,0.533,0.354,0.272,0
21,37,6.711,1.233,1.489,0.854,0.543,0.064,0.034,1
22,89,6.627,1.27,1.525,0.884,0.645,0.376,0.142,0
23,46,6.489,1.293,1.466,0.908,0.52,0.098,0.176,1
24,92,6.488,1.038,1.252,0.761,0.479,0.069,0.095,0
25,28,6.476,1.131,1.331,0.808,0.431,0.197,0.061,1
26,139,6.441,1.365,1.436,0.857,0.418,0.151,0.078,2
27,111,6.43,1.112,1.438,0.759,0.597,0.125,0.063,2
28,19,6.419,0.986,1.474,0.675,0.493,0.11,0.088,1
29,4,6.388,1.073,1.468,0.744,0.57,0.062,0.054,1
30,53,6.382,0.781,1.268,0.608,0.604,0.179,0.071,0
31,153,6.379,1.093,1.459,0.771,0.625,0.13,0.155,2
32,117,6.374,1.649,1.303,0.748,0.654,0.256,0.171,2
33,121,6.371,1.379,1.331,0.633,0.509,0.098,0.127,2
34,125,6.343,1.529,1.451,1.008,0.631,0.261,0.457,2
35,87,6.322,1.161,1.258,0.669,0.356,0.311,0.059,0
36,132,6.31,1.251,1.538,0.965,0.449,0.142,0.074,2
37,30,6.26,0.96,1.439,0.635,0.531,0.099,0.039,1
38,144,6.192,1.223,1.492,0.564,0.575,0.171,0.019,2
39,126,6.173,1.21,1.537,0.776,0.354,0.118,0.014,2
40,42,6.167,0.806,1.231,0.639,0.461,0.065,0.082,1
41,103,6.141,0.668,1.319,0.7,0.527,0.208,0.128,0
42,115,6.123,1.176,1.448,0.781,0.546,0.108,0.064,2
43,9,6.105,1.338,1.366,0.698,0.594,0.243,0.123,1
44,154,6.096,0.719,1.584,0.605,0.724,0.328,0.259,2
45,74,6.083,1.474,1.301,0.675,0.554,0.167,0.106,0
46,142,6.072,1.016,1.417,0.707,0.637,0.364,0.029,2
47,66,6.0,1.264,1.501,0.946,0.281,0.137,0.028,0
48,40,5.973,0.889,1.33,0.736,0.556,0.114,0.12,1
49,13,5.956,0.807,1.101,0.474,0.593,0.183,0.089,1
50,82,5.952,1.197,1.527,0.716,0.35,0.026,0.006,0
51,127,5.948,1.219,1.506,0.856,0.633,0.16,0.051,2
52,118,5.945,1.116,1.219,0.726,0.528,0.088,0.001,2
53,77,5.933,1.148,1.454,0.671,0.363,0.092,0.066,0
54,69,5.915,1.294,1.462,0.988,0.553,0.079,0.15,0
55,91,5.891,1.09,1.387,0.684,0.584,0.245,0.05,0
56,68,5.89,0.819,1.493,0.693,0.575,0.096,0.031,0
57,130,5.875,1.266,1.204,0.955,0.244,0.175,0.051,2
58,107,5.835,1.229,1.211,0.909,0.495,0.179,0.154,2
59,119,5.81,1.151,1.479,0.599,0.399,0.065,0.025,2
60,71,5.79,1.143,1.516,0.631,0.454,0.148,0.121,0
61,36,5.762,1.229,1.191,0.909,0.423,0.202,0.035,1
62,16,5.752,0.751,1.223,0.508,0.606,0.141,0.054,1
63,43,5.739,1.2,1.532,0.737,0.553,0.086,0.174,1
64,112,5.681,0.835,1.522,0.615,0.541,0.162,0.074,2
65,113,5.663,0.934,1.249,0.674,0.53,0.092,0.034,2
66,73,5.662,0.855,1.23,0.578,0.448,0.274,0.023,0
67,93,5.64,0.657,1.301,0.62,0.232,0.171,0.0,0
68,147,5.636,1.016,1.533,0.517,0.417,0.199,0.037,2
69,58,5.62,1.171,1.401,0.732,0.259,0.061,0.022,0
70,81,5.566,0.985,1.35,0.553,0.496,0.116,0.148,0
71,114,5.524,0.775,1.312,0.513,0.643,0.12,0.105,2
72,56,5.504,0.62,1.205,0.622,0.459,0.197,0.074,0
73,11,5.483,1.039,1.498,0.7,0.307,0.101,0.154,1
74,146,5.483,1.148,1.38,0.686,0.324,0.106,0.109,2
75,109,5.472,0.652,0.81,0.424,0.334,0.216,0.113,2
76,57,5.43,1.405,1.29,1.03,0.524,0.246,0.291,0
77,116,5.41,1.188,1.429,0.884,0.562,0.055,0.017,2
78,123,5.398,0.975,1.369,0.685,0.288,0.134,0.043,2
79,52,5.358,1.154,1.202,0.879,0.131,0.0,0.044,1
80,78,5.358,0.965,1.179,0.785,0.503,0.214,0.136,0
81,95,5.347,1.017,1.279,0.729,0.259,0.111,0.081,0
82,35,5.321,1.115,1.161,0.737,0.38,0.12,0.039,1
83,39,5.302,0.982,1.441,0.614,0.578,0.12,0.106,1
84,2,5.295,0.979,1.154,0.687,0.077,0.055,0.135,1
85,96,5.254,0.779,0.797,0.669,0.46,0.026,0.074,0
86,29,5.246,0.989,1.142,0.799,0.597,0.029,0.103,1
87,8,5.201,1.024,1.161,0.603,0.43,0.031,0.176,1
88,140,5.199,0.474,1.166,0.598,0.292,0.187,0.034,2
89,84,5.185,0.959,1.239,0.691,0.394,0.173,0.052,0
90,70,5.161,0.822,1.265,0.645,0.468,0.13,0.134,0
91,105,5.155,0.689,1.172,0.048,0.462,0.201,0.032,0
92,75,5.131,0.53,1.416,0.594,0.54,0.281,0.035,0
93,17,5.129,0.915,1.078,0.758,0.28,0.216,0.0,1
94,94,5.125,0.914,1.517,0.575,0.395,0.253,0.032,0
95,156,5.103,0.715,1.365,0.702,0.618,0.177,0.079,2
96,61,5.093,0.899,1.215,0.522,0.538,0.484,0.018,0
97,15,5.082,0.796,1.335,0.527,0.541,0.364,0.171,1
98,128,4.982,0.0,0.712,0.115,0.674,0.238,0.282,2
99,24,4.975,0.535,0.891,0.182,0.454,0.183,0.043,1
100,20,4.933,1.054,1.515,0.712,0.359,0.064,0.009,1
101,100,4.88,0.425,1.228,0.539,0.526,0.302,0.078,0
102,155,4.806,0.996,1.469,0.657,0.133,0.056,0.052,2
103,47,4.758,1.036,1.164,0.404,0.356,0.032,0.052,1
104,110,4.743,0.642,1.217,0.602,0.266,0.086,0.076,2
105,129,4.724,0.94,1.41,0.33,0.516,0.103,0.056,2
106,62,4.707,1.059,0.771,0.691,0.459,0.282,0.129,0
107,67,4.671,0.541,0.872,0.08,0.467,0.146,0.103,0
108,51,4.657,0.592,0.896,0.337,0.499,0.212,0.029,1
109,122,4.631,0.429,1.117,0.433,0.406,0.138,0.082,2
110,76,4.623,0.72,1.034,0.441,0.626,0.23,0.174,0
111,145,4.592,0.9,0.906,0.69,0.271,0.04,0.063,2
112,1,4.586,0.916,0.817,0.79,0.419,0.149,0.032,1
113,124,4.571,0.256,0.813,0.0,0.355,0.238,0.053,2
114,32,4.559,0.682,0.811,0.343,0.514,0.091,0.077,1
115,10,4.5,0.532,0.85,0.579,0.58,0.153,0.144,1
116,133,4.471,0.918,1.314,0.672,0.585,0.307,0.05,2
117,63,4.456,1.01,0.971,0.536,0.304,0.148,0.095,0
118,88,4.447,0.37,1.233,0.152,0.367,0.139,0.056,0
119,99,4.441,0.874,1.281,0.365,0.519,0.051,0.064,0
120,23,4.433,0.549,1.088,0.457,0.696,0.256,0.065,1
121,21,4.424,0.314,1.097,0.254,0.312,0.175,0.128,1
122,41,4.419,0.885,1.025,0.553,0.312,0.092,0.107,1
123,97,4.417,0.198,0.902,0.173,0.531,0.206,0.158,0
124,72,4.41,0.493,1.048,0.454,0.504,0.352,0.055,0
125,158,4.377,0.562,1.047,0.295,0.503,0.221,0.082,2
126,90,4.356,0.557,1.245,0.292,0.129,0.134,0.093,0
127,44,4.35,0.308,0.95,0.391,0.452,0.22,0.146,1
128,49,4.34,0.853,0.592,0.643,0.375,0.038,0.215,1
129,5,4.321,0.816,0.99,0.666,0.26,0.077,0.028,1
130,98,4.308,0.682,1.174,0.429,0.58,0.598,0.178,0
131,27,4.301,0.358,0.907,0.053,0.189,0.181,0.06,1
132,33,4.245,0.069,1.136,0.204,0.312,0.197,0.052,1
133,60,4.19,0.721,0.747,0.485,0.539,0.172,0.093,0
134,104,4.166,0.131,0.867,0.221,0.39,0.175,0.099,0
135,148,4.161,0.322,1.09,0.237,0.45,0.259,0.061,2
136,14,4.141,0.378,0.372,0.24,0.44,0.163,0.067,1
137,134,4.139,0.605,1.24,0.312,0.016,0.134,0.082,2
138,149,4.103,0.793,1.413,0.609,0.163,0.187,0.011,2
139,143,3.999,0.259,0.474,0.253,0.434,0.158,0.101,2
140,54,3.964,0.344,0.792,0.211,0.394,0.185,0.094,0
141,79,3.808,0.472,1.215,0.079,0.423,0.116,0.112,0
142,3,3.795,0.73,1.125,0.269,0.0,0.079,0.061,1
143,85,3.774,0.262,0.908,0.402,0.221,0.155,0.049,0
144,159,3.692,0.357,1.094,0.248,0.406,0.132,0.099,2
145,0,3.632,0.332,0.537,0.255,0.085,0.191,0.036,1
146,18,3.59,1.017,1.174,0.417,0.557,0.042,0.092,1
147,86,3.587,0.186,0.541,0.306,0.531,0.21,0.08,0
148,55,3.582,0.315,0.714,0.289,0.025,0.392,0.104,0
149,80,3.495,0.076,0.858,0.267,0.419,0.206,0.03,0
150,138,3.462,0.689,0.382,0.539,0.088,0.376,0.144,2
151,120,3.408,0.332,0.896,0.4,0.636,0.2,0.444,2
152,157,3.355,0.442,1.073,0.343,0.244,0.083,0.064,2
153,141,3.303,0.455,0.991,0.381,0.481,0.27,0.097,2
154,131,3.254,0.337,0.608,0.177,0.112,0.224,0.106,2
155,26,3.083,0.024,0.0,0.01,0.305,0.218,0.038,1
156,22,2.905,0.091,0.627,0.145,0.065,0.149,0.076,1
1,45,7.769,1.34,1.587,0.986,0.596,0.153,0.393,1
2,38,7.6,1.383,1.573,0.996,0.592,0.252,0.41,1
3,108,7.554,1.488,1.582,1.028,0.603,0.271,0.341,2
4,59,7.494,1.38,1.624,1.026,0.591,0.354,0.118,0
5,101,7.488,1.396,1.522,0.999,0.557,0.322,0.298,0
6,137,7.48,1.452,1.526,1.052,0.572,0.263,0.343,2
7,136,7.343,1.387,1.487,1.009,0.574,0.267,0.373,2
8,102,7.307,1.303,1.557,1.026,0.585,0.33,0.38,0
9,25,7.278,1.365,1.505,1.039,0.584,0.285,0.308,1
10,7,7.246,1.376,1.475,1.016,0.532,0.244,0.226,1
11,6,7.228,1.372,1.548,1.036,0.557,0.332,0.29,1
12,34,7.167,1.034,1.441,0.963,0.558,0.144,0.093,1
13,65,7.139,1.276,1.455,1.029,0.371,0.261,0.082,0
14,83,7.09,1.609,1.479,1.012,0.526,0.194,0.316,0
15,151,7.054,1.333,1.538,0.996,0.45,0.348,0.278,2
16,64,7.021,1.499,1.553,0.999,0.516,0.298,0.31,0
17,50,6.985,1.373,1.454,0.987,0.495,0.261,0.265,1
18,12,6.923,1.356,1.504,0.986,0.473,0.16,0.21,1
19,152,6.892,1.433,1.457,0.874,0.454,0.28,0.128,2
20,37,6.852,1.269,1.487,0.92,0.457,0.046,0.036,1
21,150,6.825,1.503,1.31,0.825,0.598,0.262,0.182,2
22,89,6.726,1.3,1.52,0.999,0.564,0.375,0.151,0
23,92,6.595,1.07,1.323,0.861,0.433,0.074,0.073,0
24,46,6.592,1.324,1.472,1.045,0.436,0.111,0.183,1
25,139,6.446,1.368,1.43,0.914,0.351,0.242,0.097,2
26,28,6.444,1.159,1.369,0.92,0.357,0.187,0.056,1
27,53,6.436,0.8,1.269,0.746,0.535,0.175,0.078,0
28,121,6.375,1.403,1.357,0.795,0.439,0.08,0.132,2
29,117,6.374,1.684,1.313,0.871,0.555,0.22,0.167,2
30,132,6.354,1.286,1.484,1.062,0.362,0.153,0.079,2
31,111,6.321,1.149,1.442,0.91,0.516,0.109,0.054,2
32,19,6.3,1.004,1.439,0.802,0.39,0.099,0.086,1
33,153,6.293,1.124,1.465,0.891,0.523,0.127,0.15,2
34,125,6.262,1.572,1.463,1.141,0.556,0.271,0.453,2
35,42,6.253,0.794,1.242,0.789,0.43,0.093,0.074,1
36,66,6.223,1.294,1.488,1.039,0.231,0.158,0.03,0
37,9,6.199,1.362,1.368,0.871,0.536,0.255,0.11,1
38,126,6.198,1.246,1.504,0.881,0.334,0.121,0.014,2
39,144,6.192,1.231,1.477,0.713,0.489,0.185,0.016,2
40,115,6.182,1.206,1.438,0.884,0.483,0.117,0.05,2
41,154,6.174,0.745,1.529,0.756,0.631,0.322,0.24,2
42,82,6.149,1.238,1.515,0.818,0.291,0.043,0.042,0
43,30,6.125,0.985,1.41,0.841,0.47,0.099,0.034,1
44,127,6.118,1.258,1.523,0.953,0.564,0.144,0.057,2
45,103,6.105,0.694,1.325,0.835,0.435,0.2,0.127,0
46,73,6.1,0.882,1.232,0.758,0.489,0.262,0.006,0
47,4,6.086,1.092,1.432,0.881,0.471,0.066,0.05,1
48,118,6.07,1.162,1.232,0.825,0.462,0.083,0.005,2
49,36,6.046,1.263,1.223,1.042,0.406,0.19,0.041,1
50,40,6.028,0.912,1.312,0.868,0.498,0.126,0.087,1
51,74,6.021,1.5,1.319,0.808,0.493,0.142,0.097,0
52,142,6.008,1.05,1.409,0.828,0.557,0.359,0.028,2
53,77,5.94,1.187,1.465,0.812,0.264,0.075,0.064,0
54,130,5.895,1.301,1.219,1.036,0.159,0.175,0.056,2
55,43,5.893,1.237,1.528,0.874,0.495,0.103,0.161,1
56,68,5.89,0.831,1.478,0.831,0.49,0.107,0.028,0
57,91,5.888,1.12,1.402,0.798,0.498,0.215,0.06,0
58,69,5.886,1.327,1.419,1.088,0.445,0.069,0.14,0
59,56,5.86,0.642,1.236,0.828,0.507,0.246,0.078,0
60,71,5.809,1.173,1.508,0.729,0.41,0.146,0.096,0
61,16,5.779,0.776,1.209,0.706,0.511,0.137,0.064,1
62,58,5.758,1.201,1.41,0.828,0.199,0.081,0.02,0
63,112,5.743,0.855,1.475,0.777,0.514,0.184,0.08,2
64,107,5.718,1.263,1.252,1.042,0.417,0.191,0.162,2
65,113,5.697,0.96,1.274,0.854,0.455,0.083,0.027,2
66,116,5.693,1.221,1.431,0.999,0.508,0.047,0.025,2
67,109,5.653,0.677,0.886,0.535,0.313,0.22,0.098,2
68,119,5.648,1.183,1.452,0.726,0.334,0.082,0.031,2
69,114,5.631,0.807,1.293,0.657,0.558,0.117,0.107,2
70,123,5.603,1.004,1.383,0.854,0.282,0.137,0.039,2
71,93,5.529,0.685,1.328,0.739,0.245,0.181,0.0,0
72,81,5.525,1.044,1.303,0.673,0.416,0.133,0.152,0
73,95,5.523,1.051,1.361,0.871,0.197,0.142,0.08,0
74,140,5.467,0.493,1.098,0.718,0.389,0.23,0.144,2
75,35,5.432,1.155,1.266,0.914,0.296,0.119,0.022,1
76,57,5.43,1.438,1.277,1.122,0.44,0.258,0.287,0
77,39,5.425,1.015,1.401,0.779,0.497,0.113,0.101,1
78,17,5.386,0.945,1.212,0.845,0.212,0.263,0.006,1
79,146,5.373,1.183,1.36,0.808,0.195,0.083,0.106,2
80,87,5.339,1.221,1.171,0.828,0.508,0.26,0.024,0
81,11,5.323,1.067,1.465,0.789,0.235,0.094,0.142,1
82,52,5.287,1.181,1.156,0.999,0.067,0.0,0.034,1
83,94,5.285,0.948,1.531,0.667,0.317,0.235,0.038,0
84,106,5.274,0.983,1.294,0.838,0.345,0.185,0.034,0
85,105,5.265,0.696,1.111,0.245,0.426,0.215,0.041,0
86,75,5.261,0.551,1.438,0.723,0.508,0.3,0.023,0
87,147,5.247,1.052,1.538,0.657,0.394,0.244,0.028,2
88,2,5.211,1.002,1.16,0.785,0.086,0.073,0.114,1
89,96,5.208,0.801,0.782,0.782,0.418,0.036,0.076,0
90,8,5.208,1.043,1.147,0.769,0.351,0.035,0.182,1
91,78,5.197,0.987,1.224,0.815,0.216,0.166,0.027,0
92,61,5.192,0.931,1.203,0.66,0.491,0.498,0.028,0
93,29,5.191,1.029,1.125,0.893,0.521,0.058,0.1,1
94,156,5.175,0.741,1.346,0.851,0.543,0.147,0.073,2
95,15,5.082,0.813,1.321,0.604,0.457,0.37,0.167,1
96,24,5.044,0.549,0.91,0.331,0.381,0.187,0.037,1
97,20,5.011,1.092,1.513,0.815,0.311,0.081,0.004,1
98,51,4.996,0.611,0.868,0.486,0.381,0.245,0.04,1
99,67,4.944,0.569,0.808,0.232,0.352,0.154,0.09,0
100,100,4.913,0.446,1.226,0.677,0.439,0.285,0.089,0
101,70,4.906,0.837,1.225,0.815,0.383,0.11,0.13,0
102,14,4.883,0.393,0.437,0.397,0.349,0.175,0.082,1
103,32,4.812,0.673,0.799,0.508,0.372,0.105,0.093,1
104,47,4.799,1.057,1.183,0.571,0.295,0.043,0.055,1
105,76,4.796,0.764,1.03,0.551,0.547,0.266,0.164,0
106,129,4.722,0.96,1.351,0.469,0.389,0.13,0.055,2
107,1,4.719,0.947,0.848,0.874,0.383,0.178,0.027,1
108,155,4.707,0.96,1.427,0.805,0.154,0.064,0.047,2
109,23,4.7,0.574,1.122,0.637,0.609,0.232,0.062,1
110,110,4.696,0.657,1.247,0.672,0.225,0.103,0.066,2
111,122,4.681,0.45,1.134,0.571,0.292,0.153,0.072,2
112,128,4.668,0.0,0.698,0.268,0.559,0.243,0.27,2
113,99,4.639,0.879,1.313,0.477,0.401,0.07,0.056,0
114,104,4.628,0.138,0.774,0.366,0.318,0.188,0.102,0
115,21,4.587,0.331,1.056,0.38,0.255,0.177,0.113,1
116,5,4.559,0.85,1.055,0.815,0.283,0.095,0.064,1
117,62,4.548,1.1,0.842,0.785,0.305,0.27,0.125,0
118,54,4.534,0.38,0.829,0.375,0.332,0.207,0.086,0
119,49,4.519,0.886,0.666,0.752,0.346,0.043,0.164,1
120,48,4.516,0.308,0.939,0.428,0.382,0.269,0.167,1
121,72,4.509,0.512,0.983,0.581,0.431,0.372,0.053,0
122,90,4.49,0.57,1.167,0.489,0.066,0.106,0.088,0
123,97,4.466,0.204,0.986,0.39,0.494,0.197,0.138,0
124,145,4.461,0.921,1.0,0.815,0.167,0.059,0.055,2
125,10,4.456,0.562,0.928,0.723,0.527,0.166,0.143,1
126,63,4.437,1.043,0.98,0.574,0.241,0.148,0.089,0
127,33,4.418,0.094,1.125,0.357,0.269,0.212,0.053,1
128,88,4.39,0.385,1.105,0.308,0.327,0.153,0.052,0
129,124,4.374,0.268,0.841,0.242,0.309,0.252,0.045,2
130,133,4.366,0.949,1.265,0.831,0.47,0.244,0.047,2
131,98,4.36,0.71,1.181,0.555,0.525,0.566,0.172,0
132,27,4.35,0.35,0.766,0.192,0.174,0.198,0.078,1
133,149,4.332,0.82,1.39,0.739,0.178,0.187,0.01,2
134,44,4.286,0.336,1.033,0.532,0.344,0.209,0.1,1
135,135,4.212,0.811,1.149,0.0,0.313,0.074,0.135,2
136,148,4.189,0.332,1.069,0.443,0.356,0.252,0.06,2
137,41,4.166,0.913,1.039,0.644,0.241,0.076,0.067,1
138,158,4.107,0.578,1.058,0.426,0.431,0.247,0.087,2
139,143,4.085,0.275,0.572,0.41,0.293,0.177,0.085,2
140,60,4.015,0.755,0.765,0.588,0.498,0.2,0.085,0
141,80,3.975,0.073,0.922,0.443,0.37,0.233,0.033,0
142,31,3.973,0.274,0.757,0.505,0.142,0.275,0.078,1
143,85,3.933,0.274,0.916,0.555,0.148,0.169,0.041,0
144,79,3.802,0.489,1.169,0.168,0.359,0.107,0.093,0
145,22,3.775,0.046,0.447,0.38,0.22,0.176,0.18,1
146,159,3.663,0.366,1.114,0.433,0.361,0.151,0.089,2
147,55,3.597,0.323,0.688,0.449,0.026,0.419,0.11,0
148,18,3.488,1.041,1.145,0.538,0.455,0.025,0.1,1
149,138,3.462,0.619,0.378,0.44,0.013,0.331,0.141,2
150,86,3.41,0.191,0.56,0.495,0.443,0.218,0.089,0
151,157,3.38,0.287,1.163,0.463,0.143,0.108,0.077,2
152,120,3.334,0.359,0.711,0.614,0.555,0.217,0.411,2
153,141,3.231,0.476,0.885,0.499,0.417,0.276,0.147,2
154,0,3.203,0.35,0.517,0.361,0.0,0.158,0.025,1
155,26,3.083,0.026,0.0,0.105,0.225,0.235,0.035,1
156,131,2.853,0.306,0.575,0.295,0.01,0.202,0.091,2
