0,1,2,3,4,5,6,7,8,9
-1.6751782749743815,-1.144518670715518,-1.7924199209999614,-1.3079615296390403,-2.893614666953786,-0.7867062926270614,-0.9987945246377757,-1.8170886310681906,-0.34075433156759494,-0.062429862373441614
-2.607559864368974,-1.7627247785662141,-1.7691423497872982,-1.9399031011088645,-0.17052515806825153,-1.1938261387728035,-1.2645148413106106,-3.0038623644067535,-0.3645819697907736,-2.2392583948534726
-0.9400673697336718,-0.7226230620418084,0.360658595838651,-2.308820399119112,-4.019512155820825,-0.8161504552463051,0.8005111815108537,0.23894635293943733,-0.7903405847253742,-1.4916361856320473
-0.19287740336268966,-1.9735461997044688,-0.5236422306437807,-0.49452984083337315,0.06020990749887978,1.7596600389110777,-0.607584032821233,-1.5089636257074988,-1.0255743121919945,-2.7690759048891183
-1.6947131310890582,-1.409282438113104,-1.5240883979345925,-0.847645127966278,-1.8224199323822006,0.12103066732447143,-0.9997929350818029,-1.0093003211386145,-1.3278947165129178,-0.8448093161410208
-0.1749017353323653,-1.8671302157109002,-1.6581164890752567,-1.3037260287766648,-2.345870923473215,-1.819257859721498,-1.476220873544659,-0.12561081928727247,-0.737438670998075,-0.8064100886324557
-0.1491020378320278,-1.1373717883993966,-0.6095351500711104,-1.1032217529324961,-0.7346376506003716,-1.5827586576115822,-3.438817158276429,-1.1342791621863042,0.4227481360999401,-0.07378459775840762
-0.034602515408829304,0.23613072180621786,-0.9113424090385626,-0.8026842925944044,-1.6176518954343502,-1.3160728560270498,-0.38422885022885844,0.2038844371688162,-1.1394462756809995,-1.4501892648514116
-0.9994720411434027,-0.39879325107088515,-2.443854816133542,-3.296180953137238,-1.5505368494915834,-2.220712425914159,-1.508140197647311,-1.1477803188174716,-1.4532484090230133,0.4524675344707454
-0.67325523539768,-0.6995256403891716,-0.37779285595659806,-2.138833117780769,0.03911178742026866,-1.07576428653546,-0.32951938275878745,-2.0718572330401557,-2.553758766016064,-0.18211034197497133
-0.6235904739024833,-1.9020515543575103,-1.8696630812746944,0.1254347844147694,-2.189411892867328,0.6426729532559634,-1.9006207346478687,-0.361608074391617,-1.3286184757489847,-0.3968125689176569
-1.5441140021141926,-1.1627929060722941,-0.9590808246042789,-2.0021874557814727,-0.2591756545798741,-1.5132135664715851,-1.2285999153400187,-1.9943493746085124,-3.5623336587953105,-1.191027762600169
1.4126154216129159,-0.21539571210197617,-1.0192603797343947,-1.2628908292082677,-0.9775341071879536,-0.45288088482479005,-2.180812815308845,0.1143216946688721,-0.28461868455875594,-0.2818142742920655
-0.5615242611902727,-0.9803833423060101,-0.3271387640331801,-0.40818586625862197,-1.3540407109410237,-1.573601772896901,-0.8981437047380133,0.5490201514951873,-2.2391070756539007,-2.46752526575244
-0.8352391587634833,-0.9491122981439819,-0.8266583356295918,-0.7560468020914998,-1.2232022546348051,0.48986343860208215,-2.6009039784765156,-1.828497024780246,-1.1032547601490474,-2.6431888111541673
-1.1758544044320711,0.6614701657280182,-0.9791135117040383,-0.7692990942813165,-2.26016476517258,-1.6163614080394775,-1.375196380323937,-1.317715096756234,0.2816437950037687,-0.44230893927487547
-2.111457956937032,-0.7534952215679951,-0.5017782515032149,0.14014903852126648,0.5805406865683735,-2.0150941918278686,-1.8108575112103382,-2.2575778589146163,-1.2340198591069813,-0.5336416255536656
-0.012665483410898126,-1.0759510236425227,-1.319847523254844,-0.8482420077512596,-1.835142901630023,1.0895387216947734,-2.6076610271180587,-0.8152594211042755,1.0236062192296393,-0.9932001554400023
-1.1900390350014944,-1.3574454228104271,-1.1803916817624078,0.37284847467653015,-3.211861911329507,0.5334337012963255,-2.423957152450145,-1.2666523292344147,-1.4292444202986618,-0.41144673022928024
-2.5981243518837474,-0.5378273339180571,1.0243096232868525,-2.3631740045928105,-0.8102938323896043,-1.661982177796609,-0.5741127938069642,-0.980852222584248,-1.6414869090443096,-0.5121277151289261
0.8043481097867431,-1.1909037917272987,-0.2802420578518181,-2.2932729578711637,-1.9564363768180089,-0.5275937221196226,0.4841160285359649,-0.64438665121434,-1.3130580305231543,-1.0007085945766458
-2.2504077339697175,-0.39548467364463324,-0.11766693767659087,-1.4520903328330803,-1.4700421477595014,-0.7341217703479515,-1.4367197360405954,-1.0661326146258225,1.0997217891665154,-1.2470257007459966
-1.3583401520212222,-1.6475418056351592,-0.25580802850006323,-1.181224173218103,-1.649373038321426,0.3213040322730121,0.4196030045136372,-1.6004235657387051,-2.8665399513606165,0.007513689836922133
-1.684629825760004,-0.20937440083723136,-2.9701038177118355,-0.1074026617006908,-2.2111719292807814,-0.2692358809334755,-0.9857269321635659,-1.9539394193966448,-1.4070363129267804,-0.3136815430432992
-0.8941055468847657,-0.41558701952751576,0.9764405845154855,-2.5642416117110516,0.6172125749686239,-0.8956440624767871,-1.8987840483231282,-2.33031362573899,-1.1891203907770336,-0.07834988807554066
-1.1275491203775343,0.5111549302473475,-2.451175690051559,-1.0120889478460546,-2.2523934444131193,-0.6363681173750322,-0.11311260990269967,-1.4207617936810533,-3.6042138566271342,-0.8010518532035055
-0.5632614482664905,-0.5957052450383024,0.2357821918221541,-2.071053679649049,-0.3197838945495506,0.19250751247797493,-2.778587584006517,-0.6803481740810228,-1.5041798310076715,-1.0815226731016458
-0.6523235164616636,-1.4872285641135523,-1.6757080791616117,-0.9658475825119754,-2.087245938862803,-2.0858251288851855,-0.32062671704349666,-2.148794035158656,-0.3336874990907881,-0.5374087071460488
-2.7258067287905967,-1.677564652335655,0.19410940304737245,-1.9811655311396816,-1.4644042623093876,-0.5379391067481035,-0.21660949071740454,-1.2515388860444956,-1.5975101946916417,0.42236986169850765
0.7388996637975789,-0.02114194921820456,-0.914681857434976,-1.8082657216409264,-1.8304444065565653,-0.4774858947342425,-0.5816017791113163,0.4015985929464294,-0.34954990746386083,-2.5030803017598178
0.05194761772291856,-1.998060627314413,-1.3839712719523516,-0.7497997937483055,0.9956674897839644,2.109918556005361,-0.39327694086381726,-1.183196618720388,-0.46549435151944973,-0.11234457412616394
-1.3206676255571916,0.7952113559123222,-0.7699292408085979,-0.5022569109086057,-0.3340757479455386,-0.5784133893855443,-0.16105949953038778,-1.617253186546923,-1.5583017539460307,-2.100154232971695
-0.5604987693797736,-0.22106349648788592,-0.5422271338481142,0.6744924333475373,-1.0055960188290465,-0.33125834440748736,-2.0917008761393143,-1.387099702474401,-0.3044622424342225,-0.150897889256856
-1.2939669476641822,-1.0715992518580668,-2.5178737466808094,-1.3570292008066094,-0.10961683648021381,-0.42479498389343373,-0.4993342786187903,-0.9502263128190399,-0.9929368413718236,-1.6603211394734472
-0.3011715797974652,-0.5790270556106102,-0.5079811520072007,-1.5260348426675803,-3.1533429198712444,0.09715271175369566,-1.478837456008404,-1.8627757640431206,-0.3065210880860063,-1.3920126399191295
0.05993638404662183,-0.3829940504233025,-0.3164306767995224,-2.3659557112005345,0.21194398538640047,-0.738749468766144,-1.369277139246203,-0.8566115326577489,-2.77623523289832,-0.5913471885193291
-2.029371508182072,-2.3526702858435344,-2.522359186217891,0.11268837498992523,-1.6292633936927887,0.5337277099164992,-1.5358014630522978,-2.7073579575929467,-2.116524439948659,0.23581162000693867
-1.1558981779366675,-1.548287296490601,-0.8399817741472123,-0.498217263832455,0.11739881590246082,0.44849922989292623,-1.3597686457890856,-2.3260476860820383,-1.413465161123276,-0.7397194934171138
-1.9637589262106108,-1.9571509148950428,-0.6562121184501146,-1.0486523515704511,-0.9672030045884135,-1.7584953347000694,-1.2304007142057674,-1.9242331442683045,-0.10980158887521319,0.03524933472375258
-2.846187862238094,-1.92951086019241,-2.496529255090079,-1.650023934406898,-1.0834379697903609,-2.44964521969853,-1.9218598131253133,-2.0039573720814987,-0.792732670601056,-0.9306556629637496
-1.7217375533372534,-0.823179127860602,-1.5466800845872655,-1.2716551103260532,0.673452090298537,0.3404610517903479,-2.2995812369275974,-0.1702675821208255,-0.1886034455084079,-2.1482632887526183
-0.18122235624513938,0.5379319184125528,-2.122544806244414,-1.9175028210142635,0.01766146684350245,-0.7285046891743521,-0.44852372476047675,-0.6594107835995032,-0.6093040790718558,-2.326472128311083
0.0473177066214483,0.1695899924277735,-1.2293907440680278,-1.0434769498138625,-2.531107502555722,-0.4857452439821651,-0.4279425582858559,-1.062191016999311,0.12435335987050267,-1.3340772309799405
-0.43539407410639974,-2.019664338692116,-1.023552150874238,-1.1743542579028359,-0.7746920779590585,-1.3695269288333587,-1.1314725956716678,-0.1739528285584937,-1.4367642372382174,-2.6065771007386793
0.7495839042054206,0.38145407869048653,-2.2922626951056184,-0.31029219475480563,-1.5029747705513432,-0.7365127846689404,-0.7057758709865063,-1.234407800316322,-1.7837656655863965,-1.6905410523162594
-1.9161919154812423,-1.8318222082304447,-1.0671782900493552,-1.7157599891107518,-0.3179479342873801,0.4872461553359273,-1.580053241370043,-0.7605954994646229,-0.5003148896970662,-0.5279977290807256
-0.9240447320839126,-0.2573175816402776,-0.5177510473193427,-2.237662422327298,-0.13084393561072682,-0.11270916273325793,-1.7632861041785817,-0.962062164552398,-0.3166710071889306,-1.2093138195793616
0.0729780477660118,1.3638724946193608,-1.7859860326349823,-2.381044603153775,-0.6961814043951242,-0.2784374948738565,-1.230866373844769,0.4532606633210343,-2.338605799723249,-0.3070813769683889
-1.6058608207588934,0.7193779062072967,0.9925153531681183,-1.766656587783348,-1.54955713590858,-0.14041211302019807,-1.3871306497895146,-1.0454112179322381,-0.9746115794575898,-2.919673156197656
-1.0138377460942372,-1.6897277740641738,-1.493122822399772,0.44363200346881415,-2.2565068942792563,-0.18679481325202274,-1.2789629303318084,-1.2797601684958344,-0.20962810394828868,-0.6599487054311095
-0.42938700278046904,-0.03181533946713888,-1.3313083831833228,-1.6122367345077504,-2.085150526557798,-1.8254105299789551,1.9490944253087252,0.24467958073678675,-2.3510743662080213,-2.32245795674357
-0.5181339382815084,-0.45273520262203304,-0.4511161646826356,-1.254955793553698,-1.1254542600029003,-0.6721204758406426,-0.9141069937066696,-3.219300372747535,-1.2297996305751937,-1.8514064342603136
-0.8247885810914879,1.98525900260341,-0.6325183345256956,-1.313529686172398,-0.07819849802274781,-0.5173121127907874,-0.5799055095481587,-0.39314940678432897,1.0565435648295414,-2.1308884353259154
-0.5263679231885455,-1.9263811299815385,-0.4444873536577517,-1.9186865114860945,-1.4173668136050843,-1.2950899142379062,-0.024183280655290962,-0.08154555605758618,-2.2457173764463843,-0.9450658890001513
-1.7095798547491725,-2.2585049106753345,-1.2170170504243705,-1.3084827884558197,1.4267164863455224,-0.5670401746393039,-2.377617500754237,-1.5647740041709421,0.02138329542939843,1.088442772869925
-2.5859833122379583,-2.879924385139045,0.8709651753717822,-0.6103858226290961,-1.8682927318763665,-0.4653709138775647,-3.6357477390168778,-0.996624493402839,-0.6721788271569147,-0.07572986046217023
-2.013895952292538,-0.9143128385966409,-1.9254246260595873,-0.744616244325683,-1.8953463223630242,-1.4081008391602206,-1.995815394790229,-0.34886375817634296,-0.1415488833433347,-1.2346205699574138
-0.9617620050399717,-2.448591414633544,-1.2996766480067872,-1.0502046170417447,1.620793091029975,-2.1119670257741636,0.46417723875243744,-0.003141226534192021,-0.7193635955098636,0.7586204841951334
-0.6278945273931371,-0.6108408043320712,-1.0531206530175454,0.2235688824186275,0.09646923381088368,-1.6256772874962124,-2.319247194598767,-1.202980637395657,-1.8000385643976464,-1.063524574615355
0.2374381346841392,-1.4573016550867899,-1.0428233813115748,-0.9419772651916047,-0.15156911779471538,-3.246889333984605,-1.6067002947652966,-0.7887163077205273,0.20007895642686124,-1.491902447506205
-2.876552706041874,-0.38028855403386375,-1.6353623888256292,-2.1896666590903613,-1.624345389713224,-1.1845253576558497,-1.6047446645382126,-3.205566057099069,-0.10293380311286782,0.2748750412787222
-0.3484780086604943,-2.1376856704248164,-1.201491533947518,-1.006521315229458,-0.4012056104380898,-0.3316595112819192,-1.7341737987784958,-0.9180044435864396,-0.5427195953847589,0.45582232214676655
-0.2954934601752769,-0.21094331262448107,-0.9161733720706391,0.4104591452035038,-0.5902372040405026,-1.8610879101735704,0.4033699701251907,-0.3020967274609724,-1.4430440211284823,-1.4794929673992434
-0.7034244548592382,-0.5368152047324153,-0.8027077343687936,-0.6886913265571151,0.6999573745763805,0.07154315223488572,-0.8093644087349756,-0.05868941923251669,-2.0325239035275393,-0.6020729500531911
0.8093063497331101,-1.2180458953923738,-1.8476339286190848,-1.6520888885930607,-2.0896330373423884,-1.7847619081277033,-1.370508098590029,-2.4055670191786422,-0.984381666050397,-0.09772282621335282
-1.9077561801469205,0.5192839236417688,-0.4892079114724053,0.0305805856240573,-1.657834553852137,-0.1454747729333843,-2.091933900395313,-0.10975249916349128,-0.8281606602064688,-0.44674878001521634
-2.175594605624852,-1.8950698422766048,-0.4027717817466152,-1.9483480042242007,-0.5367937079008769,-2.3671378064602457,-0.15182578733333185,-2.232523314768509,-0.44770006232047677,-0.37436906635399914
-1.6967718184295748,-0.4179734329152731,-0.7395577366664441,-1.5388418561927382,-2.0085546840762083,-2.962625691672579,-0.6503499527003063,-2.5648027713620554,-0.9046558005586918,-1.263448216082249
-0.32085722456180454,-1.3020454994898643,-1.3294477863470915,-0.2681292957117044,-0.6649419709158825,-0.6838440428172217,-0.5307324101914738,-2.535572123207106,-0.24321132001301804,-0.3875312059863977
-2.0166831285764975,-1.2440804736742013,-1.0393072876276312,-1.1344967844017326,-0.6661400334314653,0.4313667818311835,0.08176672767282867,-2.3122191934314063,-0.3779300096939513,0.3289333195354096
-0.6131914793107973,0.09098042518596694,1.0122704457007652,0.023709546106981394,-0.7506914043582711,0.04508847408475347,-0.8551121669031088,-0.9760969567150445,-1.3514142357137326,0.5634133588321082
-1.8184286659420015,0.532367724678116,-0.5001358762596286,-2.3993061748019415,-0.6323507070085784,-3.100026507651624,-0.37449198316896426,-0.11476851701100899,-1.5923559556520535,-0.8764523040444177
0.9541574337502863,-1.5057467042619366,-2.0589075870566003,0.48166340246259876,0.9625871905307948,-0.9963043281521526,0.011463035408356248,0.3414759155308811,-1.742484232538384,-1.4853058353678683
0.23087451315473495,0.6850142787085094,-0.4371191398256452,-1.8798143535020544,0.9870611116994412,-1.5309708978119645,-1.3351377811714518,-0.6576621655103785,0.5541604207147741,-0.14602402344777632
-0.5851344996380896,-0.5367114698818938,-0.9564853313565339,-0.4418604854814937,-3.529560077694303,-1.2966074590697985,-0.758678065083219,-2.151014083619507,-0.6136766821884401,-1.2044712209861215
0.75547569831549,0.5730197252148563,-1.4658055691181628,-1.1508377115666952,-1.0739475656083926,-1.4516594761596227,-0.8049750159718733,-1.7582820688875902,-2.1306153349375263,-0.37728877609973144
-0.3704704157781892,-1.8043157596599924,-0.1046445692374004,-1.6315777291653313,-0.7468347619620188,-0.17965598738754396,-1.033612564703713,-0.5452590878588657,-1.5164296438875717,-1.1964665834280972
-1.2058594308803403,-1.746578346540239,-1.1767741631157822,-2.5486182988637465,-1.4911537471421048,-1.2848754933696709,-1.2561797524953802,-1.2414974458707788,-1.0617641998601288,-0.5205584819139362
-0.12548292586747745,-1.6497652268482672,-2.2032008553891442,-2.042044412243103,-1.4872029211949271,-1.351921317816509,-1.7699960661974572,-2.2961166642498947,-1.4561208274741881,-0.8185733798860286
-0.4049705341644353,-1.5574230531083213,-1.412997822143434,-1.9266983088473109,-1.0314391703747765,-1.8484286341908147,-0.4268721867587999,-2.785866491934111,-1.3596296724524624,-0.698892660808258
-0.8161654836774956,1.6930336639804966,-0.6501999754320924,-2.0040545968420105,-1.095464247089073,-2.7762463334664518,-1.080599749296761,-1.8330560570007588,-0.08460972443983827,-1.549540274595535
-1.1167659157952465,-1.6355578414044034,0.7388513518533313,-1.3212427661179116,0.8325570434792018,-0.18584823788173344,-0.5179332726646139,-0.6312668526824803,-0.6062027017837485,-2.92767257934561
-1.2788833941507565,-0.15484202881567843,-1.0488971834741054,-2.405189846803575,-1.0524044505774695,0.7041055162554912,0.24689171553471945,-1.0620040093660317,-0.04855072294191343,-1.3665070203680518
-2.703871586826719,-1.9244659881295543,0.5628887685081978,-1.2739930818293042,-1.243383979375018,-1.2998381962748806,0.9041365895730069,0.6259589153620633,1.218780233448134,-1.1590452104000513
-0.7043755112529049,-2.516642549420791,0.4769344261182744,-2.1677795512679348,-0.7832244362373709,-2.097302527632844,-1.588866826738696,-1.8372624310497003,-1.6078752606758178,-1.5391227031489785
-1.548268794925077,-0.16666608821969287,-2.1048627930625203,-0.7794585729861332,0.2179591523055584,-1.5131963645133961,-1.717918890747602,-1.2305246251802509,0.17972520836071015,-0.8058923690466423
-1.5312142946075986,-0.5161233488119603,-2.1022921498364235,-0.31864048955705204,-0.5913926922982324,-1.307808471138884,-1.8385857984472311,-1.8866809222834573,-0.4651826636540898,0.22898050248906188
-1.6373077470287947,-0.5416132964485157,-3.0870270186020687,-1.5846177306571996,-1.031058932870902,-1.9096834169818337,-1.9365063747895959,-1.6677795564688862,-0.7078072716736268,-1.1873290184063747
-3.238231233324972,-3.120700152635066,-1.6068651778571754,-0.5423134139464479,-3.7475048427252347,-1.4997301761516306,-1.5262478565174211,0.38833777820844784,-1.3850218117128636,-0.6170110152590715
-0.8587428599125367,-3.1305664798072006,-0.2317927833682627,-0.784603494543712,-0.4917313603254104,2.9262377064363267,-3.0841129394985884,0.7246966497611085,-1.2874475194003556,-0.7126710955969907
-1.0455122453012422,-1.4242363333980435,-1.5698329282387586,-0.6704912644269909,-2.517173696671679,-0.24942083247823443,-1.416194404885254,-2.130069339040358,-1.4500128579958136,0.25714921686257286
-1.535335087016223,-0.6415463817903797,-1.7309562757154733,-0.24207815007638045,-0.3144922612097959,0.8486088332964115,-1.1755639454992155,-0.3313451952420934,-0.9019324604610555,0.2958717818630143
-1.7188323876087304,-0.2549946871227189,-1.1946972961166817,-1.0641881771084978,-0.9082475155516272,-0.7477596035733226,-1.1162290431219581,-0.7852868168294737,0.5781180575621845,-0.014550314384781604
-0.13084540750310347,-1.4555395260238706,-1.8892408282283242,-0.04469944176224716,-0.12395320747020577,0.472670675750982,-1.6039806259692295,-1.2295486553603472,-2.6394841625254344,-1.392471106060873
-0.003429489420552767,-1.4664953792281978,-0.35952020479917624,-1.1905031059978113,-0.6759429717784393,-2.1476913898156673,-0.9147905503660989,-3.9911359709007233,-1.1868961581619848,-2.63047324371514
0.205994516546816,-0.22259264723548877,-0.533329018033919,0.52100622715938,-1.9489165208248371,0.7473631979155582,-0.06780843573961526,-1.236555287218946,0.13562014718294413,-2.106293512411634
-1.8245141615276737,-1.6085897232397004,-1.5289777080640152,-2.0565576427602528,0.223083067095325,-1.2588544003698316,-0.6474950316431205,-1.5703513664136806,-2.820603300548517,-0.7299426416085779
-2.912254975419777,-1.0686340460854686,-2.3683150388328107,0.987275999230808,-0.0886372778252783,-0.8942462087285196,0.2637066776546686,-1.8463159774657358,-0.456520621329907,-0.8001895662812866
-0.7359799186663301,0.27235350010676784,-0.26750789722019774,-0.7112763371749767,-2.654887436228296,-1.9600462952794637,-1.122708933595724,-0.9066276257233488,-2.130203724673924,1.4116766755784211
0.5163940552535728,-0.3978816796075165,-0.9279631387162552,-1.2122089699011518,-1.9519184600222355,-0.9225194814811375,-0.7422474598572493,-2.2417605754816243,-0.6658235827551026,-1.1552590488247487
-2.907807557877391,-1.860385010779502,-1.4136055334216442,0.8876876573401904,-0.44344687546624184,-2.3354815690998914,-0.513963710582363,-2.5473039889383653,0.08269105388707332,-1.4711246518178787
-1.0936361887391708,0.32579664754219007,-2.28716356858425,-2.3971181851129915,-1.5835993263460049,0.038378851019316595,-2.519346075476842,-3.832155598110569,-1.4511588584089987,-0.4482592000890796
0.20026174973882926,-1.463161362085399,-1.4114266071160024,0.15390073425574724,-2.8697416996954206,-1.3885207751830093,-0.8095761100749422,-0.5507812787149657,-1.5098066931908827,-0.9655589882941586
-3.4883273534129895,-1.6582484123338483,-0.5464912874455325,-1.9822940342546795,-0.9410157784104026,-0.553127499197302,-1.342549200857765,-0.8295362290034292,-1.9627325652846124,-1.2066112796960466
-0.38978383041077747,-0.8430270390315657,-1.5865312695639355,-0.775783595709207,-0.285390209363382,-3.049941278577478,0.1590740649558977,-1.336254738681072,-0.5745100667597698,0.1972469236452279
-2.3716736972304657,-1.7094410024275466,-1.2885486958757049,-1.7837535211244284,0.7349365758368085,-1.8567720938267929,-1.5555467794868667,-0.7956109683970232,-2.202149526076089,-1.3956807117562637
-0.6825467387498249,-1.3328604043825112,-1.0933868588999482,-1.5293321124483708,-2.514470309180767,-0.6784067886607614,0.7549330716472415,-0.9815983692165619,-0.7747358827524504,-0.30727724488314057
-2.269330496546699,0.7025146581296056,-0.797671203577198,0.6318568990891089,-1.7330329955239894,0.8180619225578247,-0.22484450596521688,-0.4469599141476416,-0.765975545646852,-1.2485286180744493
0.20053165847387255,-0.8596401301519531,-2.9670697035871525,-2.1171864617070026,-1.1858457521927472,-0.6900010168344449,-1.0565884888998958,0.21897078979366325,-2.951101864038625,-0.8564120634948398
-2.8179792253871545,-0.2402877045158316,-1.0944587144420028,-0.5803900279758818,-1.8638829605897662,0.2794649316577511,0.041724664058851335,-0.41645569698811236,-1.1295172468634407,-0.42014271470486786
-1.706892567987349,-0.14444434097928793,0.649480894323921,0.0706105599791862,-1.7296024698074095,-0.6385826827268971,-2.2931415437586478,-0.42760968882432426,-0.5493965871374611,-2.8698163395321643
-2.161783843912364,-1.2831388967437671,-1.3008597471408263,-2.209476935418805,-0.6110212706478162,-0.7485263910594879,-1.1942691319785192,-1.755791500158363,0.048707126416563495,0.6554071130882952
-1.483561483846537,-1.6121669171548207,-0.5087923345880037,-1.3580293797469862,-1.1393972006632342,-0.2603468482753286,-2.909356087507293,0.3183023248526693,-0.9273194756706586,-1.4114931445621801
-1.089234154221449,-1.0375706449794813,-2.7312013034449256,0.4949382274532359,-0.9586743677293815,-0.5569978695526248,-0.048450229425957225,-2.0211624575603,-0.5265281009647715,-1.2676410908987936
-0.1532292247835063,-3.1272274203514954,-1.099094300241269,-1.6028206557839617,-0.5677370493658445,-0.5299558126317978,-1.707625894822026,-1.7121738641760436,-1.1106653685573296,-1.8966422273152082
-0.15801630454787308,-1.369207200447446,-3.9069882193216414,-1.3748220566218061,-2.038543820843972,-2.6312758154609455,-2.2374266382225727,-0.8905915281670299,0.32864082824823115,-0.68681552613502
-1.6065033882157396,-0.5440958048292973,-1.4590903102189918,-1.6946003691631446,-2.1543626682329844,-2.7518288067517194,-1.3899237065594452,-0.8419465100798682,-1.0966236700148897,-1.4159669279473586
-1.9457460606967811,-0.3917538083150315,-2.317131919946585,-0.22397208615652464,-2.002217018926725,-1.752435237353035,-2.466785190615677,-1.5014021468856367,-0.024687541522021128,-0.48437191155604353
-0.021577887971964915,-0.47785745406606417,-2.103669828530369,-1.3307892243275574,-1.7801991291174626,0.3305749040390402,-2.1967886464263113,-0.10630231061088913,-0.10704612989123075,0.8296202017160872
-1.4096865926294972,-0.2876778404198379,1.2816518365388427,-1.6176416769336965,-2.5350402475323595,-2.8800100339077637,-0.28728797113866866,-2.883150208058584,-1.3723190529379228,-0.5626868129610393
-0.8148244631700859,-0.5745551358158277,-0.777710144199146,0.2788658133133932,-1.952316380738797,-1.6769951384585313,-1.772659445270824,-0.16980818813738985,-0.09960141160493641,-0.5487746806814918
0.18349366688992785,-2.1780408673763807,0.667224111551137,0.5232386217122582,-0.26437800275425327,0.78179890877106,-2.656623207677774,-1.5244481362626519,-1.7353034606819522,-0.27852067624265675
-2.0501407396021456,-0.24250485066251448,0.3705361439967134,-0.3047970999160007,-0.7162489763384989,-1.9878733409007492,-1.8468509661253645,0.24961890529666664,-0.22065099609466765,-1.0390195193775442
-1.4179095457658906,-3.025807873111377,-2.0708524186844386,0.9114190871397234,-2.2804555710024665,-0.8105201787789194,0.007443973195198517,-2.2549226680022922,-0.8152895252189167,-0.06208446248934496
-0.9875006780927497,1.8684030556667683,-2.6685992588781953,0.05872852988387889,-1.1728017373964643,-0.2280798451633249,-0.5586928483007542,-1.7331561971099965,-0.7710036075406598,-2.857901451398287
-0.39675249942860624,-0.7018415340094744,-0.3613398313568976,0.0581183250871502,-0.6323801597902892,-0.8519105802017238,-1.8810683366612921,-1.712220763649051,0.186734620177331,0.4363354057059785
-1.238110436312054,-0.9539972527467259,-1.904614374993766,0.17275684526744484,-0.3345831763082213,0.9412174364637491,-1.878323077179739,-1.3780078990182172,-0.7685540774744277,-0.35351046227422933
-1.2156676375476323,-1.8729610904537004,-0.1185924710764289,-0.27886463745441836,-1.916274100563725,0.35544280110549575,0.17019870919660374,-0.8657035027522071,-0.9204021376239636,-0.44594222888409285
-1.861703070256258,-0.9699685208359178,-3.1523835446091804,-0.12354435449706447,-2.561493222441859,0.503419828428999,-1.3301200939664504,-1.211666981931177,-1.6277339060845057,-1.2880388739220763
0.4185313451480366,-3.4878086565350794,0.27696538608818777,-0.6619765188982918,-2.2070216478572156,-2.075312393049238,0.676393027208203,-1.945506879942731,-2.1533505105959594,0.1373145423647293
-0.6614471237140858,-1.937925576536399,-0.783375024595381,-2.0257526836402775,0.10082139842260518,0.06137096487313354,-0.4679938011780569,-0.6383389387529834,0.7611881248673737,-1.0003136726117747
-2.1818741254208014,-0.5505260871676931,1.0860470495371137,-2.014759493185852,-1.3614627666939858,-0.5835539618985474,-1.0539048490057392,-1.9823035803773146,0.12185785623047085,1.3200407220172594
-0.8038685409760926,-1.9040682897360002,-2.548960525053475,-0.7420240187788192,0.10387734331625764,-0.5248322535046184,-1.0024038409188538,-1.5892716517893062,-2.0921636327180897,-0.16524867367511786
-0.08622837861441435,-2.545729786690733,0.5898389781806839,-0.4259287791059987,0.39959464514579346,-2.3421277484851153,-2.3658241554154387,-1.1489693097672968,-0.4972155731048058,0.7963608229269636
-0.29392108618486845,-1.2426812768120334,-2.0263692076658923,0.2300005727191501,-1.9647054257507148,0.6284685547723217,-1.2843846496065092,0.5905820726178503,-0.3210687099407217,-1.1369954894424583
-1.5193963718261267,-1.3409078773460799,-0.5716833076247625,-0.9228435037822833,-1.5938114080687051,-1.1656314103176322,-0.9214229702808502,-3.128734094414812,-0.5418318852113013,-1.9797212247168068
-2.153332403205745,-2.6873443471107104,-2.7938924978678905,-2.3554475031122895,-1.7090209576304904,0.9532591375265682,-1.525879675895204,-0.8222498937319687,-0.5995186134936713,-0.8689348137841513
-1.0774434607259937,-2.1952937635992447,0.4509275482792119,0.8071966436378852,-2.6826586941226855,-2.0240285908863793,-1.2798103423770062,-1.9645377949101914,-0.49403444654413475,-1.728272202406613
1.1650560678066024,0.19054859434359606,-0.7874259693677851,0.026986263319732195,0.10590042435730895,-1.5639474880582434,-1.8162172445419649,-0.9218569370303525,-0.13836387550205598,-0.8609396013465823
-2.576996482190997,-1.8028244439508423,-1.073972863594378,-1.0756656043258304,0.9725421767898081,-2.385987942398998,-0.4944107581641254,0.4891131083282896,1.271449745422796,-1.4043974231839613
-0.5085705472798002,-0.4302396428013531,-0.8045182684467092,-1.098845201239306,-0.5640246104999541,-3.5322460852196853,-0.3179305099373687,-0.8738220963380328,-1.2224748967782655,1.0468621957195579
-1.6749340187905521,-1.4030759890650308,0.991553302204734,-1.8320613048498566,-1.550115282936539,-1.14702542343085,-0.15926551787045073,-0.7921974926466866,-2.2926253471522626,-1.5321685631271895
-1.6073544332122114,-1.0772210452230455,-0.5741563413701709,-0.5817942441120278,-2.776011754048402,0.06394098756085609,-0.7474311540033765,0.38453204759390625,-0.5558016727093281,0.10132295773576216
-0.533454688549873,0.3462257562027482,-0.47774936398222145,-1.097915246442904,1.2724347204468818,-0.11096287772010793,-0.42625557899558686,-2.276304416538336,-2.2883076174635377,-0.7072845178581466
-0.8544788022317592,-1.6141225650083162,-0.85901730038794,0.5886269280435958,-0.3045975254497013,-2.141008509752738,-1.1115088271429436,-1.8049664808525607,-1.387699916408561,-1.4136156656296428
-1.4776455826040051,-2.255135371973395,-1.12765468151819,-1.56060763684731,-3.929448690002268,1.052972024501663,0.08876965421667204,-1.376300724924996,-0.9811809502594016,-2.1716543473175616
0.6957228778108653,0.8972886947731116,-0.8433062717534754,0.023530644185344674,-0.8247132210660761,-2.3367254388759306,-1.4118233689636572,-0.8680720332280429,-1.4545477187434441,-1.218653277435036
-1.0913995575091144,-1.0808784978654613,-0.9477415095025168,-2.060605066396601,-1.7170161491279363,-2.2845842656999693,-0.022184450313799675,-3.1056469418403245,0.15359034331692545,0.38634939726284334
-1.3021805869826215,-3.6031370878272986,-1.3613105619672905,-1.0641841612888192,-2.010598219928913,-1.5152183938082429,0.5301951988633513,-0.335072837698259,-1.9245641143781,-2.597599169595432
-1.327017317609771,-1.2134567793504383,-0.5038008126366837,-1.535316712567659,-0.4885004246381386,0.9351540400602292,-0.1844989775557374,-1.0480885073307726,-1.1831504710532947,-1.3566731341798712
0.18064091245214464,-1.627313445951303,-0.9547772910000174,-0.9488020981189147,-1.5017841928115319,-2.372465547884101,-0.6770254963823319,-1.0610039718553836,-0.49975953056343014,-1.5336003064391668
0.2208212988130478,-1.8767737812118448,0.7120402840178925,-2.7476365098282614,-0.5652299354431088,-0.5245693174733765,-1.7955570679408823,-0.5756060621389874,0.2795186697601588,-3.2168188393540644
-0.4972551925091854,-3.4932708203300775,-1.965664803523208,0.6291663649009451,-1.581782033392054,-2.1738799644089726,-1.197937728984682,1.067906338163552,-2.831682247206026,-2.0513099116393443
0.4974316831796264,0.8577023435377324,-1.103431224290284,-2.2390527025266422,1.095843501809159,0.5944423917491968,-0.32105301223776705,-1.81240234893742,-1.0490293408380367,-1.1603600810448307
-0.6691486953844222,0.4510014381313361,-0.12058295886259685,-2.0773760769847582,0.3764964500195378,-0.6868678599868447,-0.31293420414108375,0.4665408592786029,-2.111580249513551,-1.035825578706463
-1.531454551359215,-2.567859425365456,-0.6532900223950802,1.5115565515844236,-2.840077744505753,-1.0322806110494702,-0.35945706492522655,-0.8769217983438189,-1.1131280525157403,-2.299216363445824
-0.7672132570598363,-1.7567639770159262,-3.1899217049785533,0.1945922205137307,-0.04161418015795759,-0.9483390231489202,-0.7709253117942975,0.07431801271556138,-0.7756603432219173,-0.0959824452386856
-1.29748220087385,0.31198373857394657,-0.6792142740673162,-0.8059480563941259,-2.270061088712032,-0.7130441456982912,-1.8319549174944512,-1.638282726528494,-1.815375628316121,-2.066234931899225
1.1247714030169615,0.3313390619884031,0.9203675021442612,-2.2228950195555637,-0.9287462500891075,-2.2935076252040956,-1.695694877197064,-1.9181269834165748,0.23958400644156153,-1.3962296781017598
0.06837933369401639,-0.39587911041148205,1.303638752104789,-2.479444223139724,0.2592332397867989,0.14644087040072762,-1.9733788380270347,0.007133336473159613,-0.6638550369737712,-1.2274762599534077
-1.8239354869719997,-1.719109451449186,1.049812095785926,-0.9993171810425173,-0.21786999846854083,-1.7908993816675531,-1.7798529462216388,0.08198480924994223,-2.349576211551532,-1.4152137679052714
-0.9659725889277679,-0.8886273981599476,-1.1790932850161562,-0.6041802189040769,-0.30714424418218844,-0.26536245454067,-1.9858038086678267,-1.2841550979287972,0.1947628618769377,-0.1053528124261277
-2.372859451481064,-0.6485200996477983,-2.9782252493748103,-0.9530650979396303,0.897767016745977,-1.9478927172689864,-1.834323045491582,-0.2359702184271405,-2.542801515209646,-1.632755029885039
-0.40355886241824734,-1.634285847689403,-1.2359699872109715,-0.25581428968496545,-0.5784539164634388,-0.7331816037045982,-1.3391222792700388,-0.6299388847310446,-1.1237326800997567,-0.5421943900742152
-1.4969320251179783,-1.1825689743795411,-1.9899577925520138,-1.035007610006236,-1.8110008636288448,-2.114046450161993,-0.7413388521446118,-0.7872602241423396,-0.2171262650514275,-1.431125569575099
-0.5919471531632443,-0.4492024277263368,-0.5552261921684052,-1.8256536828021421,-0.8506365177288111,-0.6358597039453386,-0.992821533092058,-3.0864776583710847,-0.8395103760265199,1.2125310393972422
-1.3600392687569827,-1.728077097855321,-0.6266514402886019,-0.6876217895334282,0.19273516541641444,-2.257868155908888,-0.2686197474250076,-0.40957793874853654,-1.1421465369405461,-0.66131268207831
0.02945748159835726,-0.12768461997154967,-2.1430193120737284,-0.17984181324451554,-1.0646886050325184,-0.9271259019844846,-0.9268030089983055,-1.15024298879826,0.19170749710706492,-1.083717959849212
-2.1195461283831687,-1.393529855969729,-0.8213052831895244,0.22921478429705044,-0.39690531505116644,-1.850535278747044,1.4851899166788916,-0.7352246890220204,0.2753907379990148,-1.1517144335772291
-0.4666407552945506,-0.1605314954815953,0.21819471175425598,0.057368305378225015,-0.12780299992702215,-1.3150867311941086,-1.5717460419560614,-0.6673924896758024,-0.06687192765893069,-1.222720700776607
0.06517196571438655,0.45261674548617936,-1.9163209190734198,-1.83692070379628,-1.1403750589053365,-0.6923873318108036,-1.5245670137670508,0.3522026788671444,-0.5759331384815488,-0.9605529517592605
-2.4359095238685278,-2.315815816427507,-0.7189907497181938,-3.132595626154836,0.012637409644071784,-1.1581538443723203,2.2430929695947333,1.3079162506161106,-1.1814490692475168,-1.106337002531315
-0.004418485997970234,0.7031726099180378,-2.638029057436017,-2.786375465354687,-1.6220348055543814,-0.41726241682613563,-0.5031264094924028,0.06977145498385018,-2.1996975283653084,-3.3161438629688766
-0.1419858046978546,-1.8281962729652346,-3.018487864388638,-0.8549362540406183,-0.20682431178132266,-1.1220571321212773,-1.4578483861824894,-1.1593622321459065,-1.370582762400783,-2.348047111940167
-1.7146806769904317,-0.4787200949861855,-0.6783214586234999,-0.8319401940331798,-1.9951484818533793,-1.181503162135667,-3.1770650464428547,-0.8215233361146103,0.42885770781356736,-2.4741321320421057
-1.5859276733177552,-0.6708932212898704,0.25284263442748367,-1.4482246163001493,-1.6922503292658964,-2.968923142416083,-0.8965618706918936,1.042076040143744,-0.7226415380353242,-1.0222789791837132
-0.6779176892330145,-1.011092003948602,-1.8130143722601297,-0.1767200843222947,-0.7742384768882455,-0.9823867480663426,-1.97536602727825,0.3035079319347591,-0.3352972546668901,-1.552920837367302
0.0018248536819371886,-1.497570838385207,-1.7820034925110368,-1.759703117480287,-2.7710685530880914,-0.5284576195817943,-2.83114487833835,-2.2284438312657624,-3.0755880090785332,-1.086069692790893
-1.150320460271872,-1.326696213186364,-2.0425776946705763,-2.17223375343664,-0.5356301364534258,-1.5505519317084877,-0.6836416784638553,-1.8852486861242226,-0.8189372572289176,0.30327803731606373
-0.4138341996072167,-1.4124138182164803,-0.7428010296440726,-1.240665174530213,-0.9921198153052718,-1.3256110521485036,-1.1643352058853913,-0.7879066469258248,-1.9933586995819508,-2.0158788269899786
-2.3885425538312113,-2.60027110450371,-2.217282692220479,-0.8405374931958708,-1.892787515491884,-0.48638553576890375,-0.9652862512474382,-2.9685042134380537,-0.3450244157783102,-0.1892013544082901
-1.9938626748348534,-0.5798084571050084,-1.856498237409199,-0.9023296232516647,-2.2644984069549654,-2.793106452534577,-1.3828171896129686,-1.123728946274836,-1.397679693614604,-2.1840305582225596
-1.3998990621311371,-0.730705247419266,-1.044893030122537,-0.8174989694007866,-1.6701152004542328,0.1717179147161596,-2.176173336554781,-0.5124397029132814,0.18189109295996153,-0.5190919072511047
-1.20252422706483,-1.528297046662979,0.036087651046256,-2.422974925261673,-1.9701242603796436,-1.3975577654917215,0.23765375751199813,-0.620232363959104,-1.9680457585102453,-1.3103077053849037
-1.6143231440962944,-1.709788992233535,-0.02111044144322083,-2.3717431292635056,0.6087808557343735,-0.17177030981537722,0.09086167060369799,-1.4629395120252582,-1.1499407190791093,-2.433151814524712
-1.5246624070668031,-0.5063451523568492,0.2960630617813962,-2.1071568168024517,-1.3655059369852658,-1.1512992202325223,-2.395789202192485,-0.4086507582415997,-1.723990331742609,-1.195390351177024
-1.4519493719118777,-1.7893385057196745,-1.0070449854805548,-1.2156095785680223,-1.3718578822786656,-1.7284616216803428,-0.6804753292170446,0.653617268492285,-0.8601127671608726,-0.003881785088871048
-2.3902219251534627,-0.8422385607062305,-2.097368318971067,-2.4769249275319014,-1.7393714074590363,0.19189933441357288,-0.04998417133035438,-0.7569952779456003,-2.532700559889931,-1.1962806513879367
-0.6982999910982645,-0.8244637704214021,-2.8437935834807457,-1.8903178480198717,-1.0640777641487167,-0.46370909048281006,-3.1961278210999464,-1.1621239754798585,-0.8569512301210477,-0.1503880114837869
-0.3071424157625633,-0.4174286811911948,-1.799940506701934,-2.9080021371233076,-1.393052757061401,0.0016318252085600893,0.39345452752443144,-0.28945089770221466,-0.5706591771982656,-0.6203603516140346
-1.5561187467607804,-1.13006029355362,0.6690695258263311,-1.9425580057918763,0.6147787907098514,-1.3220281544920585,0.32543210909507847,-2.4068150094975382,-0.41409579883535086,-1.736770135947622
-2.4152671919241877,-0.7814659575890543,0.009471788595968755,-1.8449414385934964,-2.4990159604584012,-1.0918447643349551,-1.0874353287771812,-0.4516803724455013,-0.050405428635511784,-1.0594151812724941
0.855503314794263,-0.7757652554647082,-1.3464265060068996,-2.611567359102828,-1.2626595203161677,-1.3363869454111361,-0.03969520371852964,-0.5375163759331459,-2.179369121632617,-0.8277456135889625
-0.3284688282709466,0.5280313593878327,-0.11249603258594065,-0.2391533456885222,-0.9399140053848364,-0.6116879945765503,0.24950490070615872,-2.3327773974796497,-1.349439327216956,-1.7725687487562407
-0.6208468812738759,0.23022217565078762,-1.5969742867210739,-3.390304367469438,-1.4122207450244701,-0.08652626798259344,-0.46237009705012033,-0.5718137521894239,-1.2799933018744798,-2.279030736219786
-0.4847056783755326,-1.8342818100346248,1.1840967333804562,-0.42949279164548404,-1.580648302553951,-1.611385247388628,-1.0929442066135884,-1.2395019220217498,0.11683377552995422,-0.8135838302559537
-1.731631738908528,0.8904406851557827,-0.9506916684797774,-0.2311603240311032,-1.6082265074447593,-0.6368843722554767,-0.6888900088568048,-2.889649292096153,1.0152751104606401,0.29064446092254714
-1.3971953161459876,-2.1022697404558555,-0.652438386196448,-0.9133023005856035,-0.6443310514367706,-0.8084226038059104,-0.4937590106940739,0.44730569939180653,-0.4318967948713539,-2.0496554989099414
0.36256285271245203,0.6406145634882874,2.152056734512085,-2.1234940332395977,-0.757117986849725,-3.0820987031889873,-0.44685084362079086,-1.5482002981667726,0.9234457948249533,-1.774614970018582
-2.6891830379672617,-1.4712637407025198,-2.9754877712171375,-0.24890054549268992,-3.0650830462563206,-0.9715424188168411,-3.077811819856197,-1.3202978045366418,0.643378155804534,-0.6393521085642051
